sample;sample_teacher;age;gender;teacher;specialization;specialization_vs_students;specialization_yes_vs_students;specialization_no_vs_students;experience;math_anxiety;math_anxiety_learning;math_anxiety_evaluation;math_anxiety_item1;math_anxiety_item2;math_anxiety_item3;math_anxiety_item4;math_anxiety_item5;math_anxiety_item6;math_anxiety_item7;math_anxiety_item8;math_anxiety_item9;enjoyment_teach_math;ease_teach_math
german_students;;18;m;no;;students;students;students;;9;5;4;1;1;1;1;1;1;1;1;1;;
german_students;;24;m;no;;students;students;students;;10;5;5;1;1;1;2;1;1;1;1;1;;
german_students;;19;m;no;;students;students;students;;23;8;15;2;4;2;4;2;1;2;5;1;;
german_students;;20;f;no;;students;students;students;;22;9;13;2;4;2;3;2;1;2;4;2;;
german_students;;21;f;no;;students;students;students;;10;5;5;1;1;1;2;1;1;1;1;1;;
german_students;;19;f;no;;students;students;students;;22;9;13;3;4;1;3;2;1;2;4;2;;
german_students;;22;f;no;;students;students;students;;24;9;15;1;4;4;5;2;1;2;4;1;;
german_students;;27;m;no;;students;students;students;;9;5;4;1;1;1;1;1;1;1;1;1;;
german_students;;27;f;no;;students;students;students;;21;9;12;1;4;2;3;2;2;2;3;2;;
german_students;;27;f;no;;students;students;students;;24;10;14;3;3;2;4;3;1;1;4;3;;
german_students;;26;f;no;;students;students;students;;20;8;12;2;3;1;3;2;2;1;4;2;;
german_students;;20;f;no;;students;students;students;;25;9;16;3;4;1;4;4;1;2;4;2;;
german_students;;25;m;no;;students;students;students;;9;5;4;1;1;1;1;1;1;1;1;1;;
german_students;;21;f;no;;students;students;students;;15;5;10;1;1;1;2;2;1;1;5;1;;
german_students;;23;f;no;;students;students;students;;19;5;14;1;4;1;4;2;1;1;4;1;;
german_students;;36;f;no;;students;students;students;;9;5;4;1;1;1;1;1;1;1;1;1;;
german_students;;20;f;no;;students;students;students;;21;9;12;1;3;2;3;3;2;2;3;2;;
german_students;;19;f;no;;students;students;students;;10;5;5;1;1;1;1;1;1;1;2;1;;
german_students;;25;f;no;;students;students;students;;30;13;17;3;4;3;4;4;2;2;5;3;;
german_students;;56;f;no;;students;students;students;;25;9;16;2;2;2;5;4;1;1;5;3;;
german_students;;20;m;no;;students;students;students;;10;5;5;1;1;1;1;1;1;1;2;1;;
german_students;;27;f;no;;students;students;students;;22;6;16;2;3;1;4;4;1;1;5;1;;
german_students;;20;f;no;;students;students;students;;9;5;4;1;1;1;1;1;1;1;1;1;;
german_students;;19;f;no;;students;students;students;;24;8;16;2;2;1;5;4;1;1;5;3;;
german_students;;19;f;no;;students;students;students;;30;15;15;3;3;2;4;5;4;3;3;3;;
german_students;;21;m;no;;students;students;students;;23;7;16;3;3;1;4;5;1;1;4;1;;
german_students;;24;m;no;;students;students;students;;14;5;9;1;2;1;2;2;1;1;3;1;;
german_students;;19;f;no;;students;students;students;;23;7;16;1;4;3;4;4;1;1;4;1;;
german_students;;25;f;no;;students;students;students;;29;15;14;3;3;3;4;3;3;3;4;3;;
german_students;;30;f;no;;students;students;students;;16;8;8;1;1;2;3;1;1;2;3;2;;
german_students;;20;f;no;;students;students;students;;14;5;9;1;2;1;3;1;1;1;3;1;;
german_students;;19;f;no;;students;students;students;;22;5;17;1;4;1;4;4;1;1;5;1;;
german_students;;25;f;no;;students;students;students;;15;6;9;1;1;1;3;2;1;1;3;2;;
german_students;;24;m;no;;students;students;students;;9;5;4;1;1;1;1;1;1;1;1;1;;
german_students;;25;f;no;;students;students;students;;25;10;15;2;4;1;4;2;2;2;5;3;;
german_students;;27;f;no;;students;students;students;;22;7;15;2;4;1;4;3;1;1;4;2;;
german_students;;23;f;no;;students;students;students;;20;7;13;1;3;2;2;4;1;1;4;2;;
german_students;;32;m;no;;students;students;students;;16;5;11;1;1;1;4;2;1;1;4;1;;
german_students;;22;f;no;;students;students;students;;21;5;16;1;4;1;4;3;1;1;5;1;;
german_students;;23;f;no;;students;students;students;;16;7;9;2;2;2;2;2;1;1;3;1;;
german_students;;18;m;no;;students;students;students;;15;6;9;1;2;1;2;1;1;1;4;2;;
german_students;;23;m;no;;students;students;students;;23;12;11;2;3;3;3;3;3;2;2;2;;
german_students;;20;f;no;;students;students;students;;15;6;9;1;1;1;2;3;1;1;3;2;;
german_students;;29;f;no;;students;students;students;;12;5;7;1;1;1;2;1;1;1;3;1;;
german_students;;30;m;no;;students;students;students;;39;20;19;5;5;5;5;4;3;2;5;5;;
german_students;;26;m;no;;students;students;students;;15;5;10;1;1;1;3;3;1;1;3;1;;
german_students;;33;f;no;;students;students;students;;17;5;12;1;2;1;3;4;1;1;3;1;;
german_students;;34;m;no;;students;students;students;;28;13;15;3;3;3;4;4;2;2;4;3;;
german_students;;22;f;no;;students;students;students;;31;14;17;2;4;4;4;4;3;2;5;3;;
german_students;;20;f;no;;students;students;students;;20;6;14;1;4;2;4;2;1;1;4;1;;
german_students;;36;f;no;;students;students;students;;33;14;19;3;5;3;5;4;3;2;5;3;;
german_students;;22;f;no;;students;students;students;;32;13;19;3;5;2;4;5;2;4;5;2;;
german_students;;20;f;no;;students;students;students;;17;7;10;1;2;2;3;1;1;1;4;2;;
german_students;;29;f;no;;students;students;students;;21;7;14;2;3;1;4;2;1;1;5;2;;
german_students;;23;f;no;;students;students;students;;17;8;9;2;2;1;2;2;1;2;3;2;;
german_students;;20;m;no;;students;students;students;;22;7;15;1;3;1;4;4;1;1;4;3;;
german_students;;24;m;no;;students;students;students;;11;5;6;1;2;1;1;1;1;1;2;1;;
german_students;;27;m;no;;students;students;students;;12;6;6;2;1;1;2;1;1;1;2;1;;
german_students;;27;f;no;;students;students;students;;13;5;8;1;2;1;2;1;1;1;3;1;;
german_students;;21;m;no;;students;students;students;;25;10;15;2;3;2;4;4;2;2;4;2;;
german_students;;25;f;no;;students;students;students;;10;6;4;1;1;1;1;1;1;2;1;1;;
german_students;;22;f;no;;students;students;students;;25;13;12;3;3;3;4;1;2;2;4;3;;
german_students;;25;f;no;;students;students;students;;17;5;12;1;2;1;4;2;1;1;4;1;;
german_students;;27;m;no;;students;students;students;;11;5;6;1;1;1;2;1;1;1;2;1;;
german_students;;22;f;no;;students;students;students;;29;11;18;1;4;2;4;5;2;3;5;3;;
german_students;;22;f;no;;students;students;students;;41;21;20;4;5;5;5;5;4;4;5;4;;
german_students;;19;f;no;;students;students;students;;17;9;8;2;2;1;2;2;2;2;2;2;;
german_students;;24;m;no;;students;students;students;;10;5;5;1;1;1;2;1;1;1;1;1;;
german_students;;23;m;no;;students;students;students;;15;5;10;1;2;1;3;1;1;1;4;1;;
german_students;;31;f;no;;students;students;students;;26;10;16;1;2;2;5;4;2;2;5;3;;
german_students;;26;f;no;;students;students;students;;16;5;11;1;3;1;3;2;1;1;3;1;;
german_students;;19;f;no;;students;students;students;;16;5;11;1;2;1;3;2;1;1;4;1;;
german_students;;26;m;no;;students;students;students;;15;6;9;1;2;2;2;3;1;1;2;1;;
german_students;;24;m;no;;students;students;students;;11;5;6;1;1;1;1;2;1;1;2;1;;
german_students;;27;m;no;;students;students;students;;12;5;7;1;2;1;2;1;1;1;2;1;;
german_students;;21;m;no;;students;students;students;;11;5;6;1;1;1;2;1;1;1;2;1;;
german_students;;25;m;no;;students;students;students;;14;7;7;3;2;1;2;1;1;1;2;1;;
german_students;;21;m;no;;students;students;students;;23;9;14;1;3;3;4;3;1;1;4;3;;
german_students;;24;m;no;;students;students;students;;13;7;6;2;2;2;2;1;1;1;1;1;;
german_students;;21;f;no;;students;students;students;;22;8;14;1;2;1;5;4;2;3;3;1;;
german_students;;22;f;no;;students;students;students;;42;23;19;4;4;5;5;5;4;5;5;5;;
german_students;;19;m;no;;students;students;students;;20;6;14;1;2;1;3;5;2;1;4;1;;
german_students;;26;m;no;;students;students;students;;14;5;9;1;2;1;2;2;1;1;3;1;;
german_students;;27;f;no;;students;students;students;;10;5;5;1;1;1;2;1;1;1;1;1;;
german_students;;24;f;no;;students;students;students;;13;5;8;1;2;1;2;2;1;1;2;1;;
german_students;;18;f;no;;students;students;students;;18;7;11;1;2;1;3;3;1;2;3;2;;
german_students;;19;f;no;;students;students;students;;19;6;13;1;3;2;4;2;1;1;4;1;;
german_students;;26;f;no;;students;students;students;;24;10;14;2;4;2;4;2;3;2;4;1;;
german_students;;26;f;no;;students;students;students;;12;5;7;1;2;1;1;2;1;1;2;1;;
german_students;;26;m;no;;students;students;students;;19;5;14;1;3;1;5;1;1;1;5;1;;
german_students;;23;f;no;;students;students;students;;25;7;18;2;4;1;5;4;1;1;5;2;;
german_students;;20;f;no;;students;students;students;;26;10;16;1;4;2;4;4;2;2;4;3;;
german_students;;20;f;no;;students;students;students;;11;5;6;1;2;1;1;1;1;1;2;1;;
german_students;;33;f;no;;students;students;students;;31;15;16;1;4;4;4;4;3;4;4;3;;
german_students;;31;m;no;;students;students;students;;9;5;4;1;1;1;1;1;1;1;1;1;;
german_students;;26;f;no;;students;students;students;;9;5;4;1;1;1;1;1;1;1;1;1;;
german_students;;18;f;no;;students;students;students;;24;10;14;3;4;1;3;3;2;1;4;3;;
german_students;;23;f;no;;students;students;students;;12;5;7;1;1;1;3;1;1;1;2;1;;
german_students;;25;f;no;;students;students;students;;13;6;7;1;1;1;3;1;2;1;2;1;;
german_students;;24;m;no;;students;students;students;;13;5;8;1;1;1;2;2;1;1;3;1;;
german_students;;24;f;no;;students;students;students;;33;14;19;2;4;3;5;5;3;3;5;3;;
german_students;;19;m;no;;students;students;students;;19;6;13;1;2;1;3;4;1;1;4;2;;
german_students;;34;f;no;;students;students;students;;34;15;19;3;5;3;5;4;2;3;5;4;;
german_students;;26;f;no;;students;students;students;;21;8;13;1;3;2;3;3;1;2;4;2;;
german_students;;25;f;no;;students;students;students;;18;6;12;2;3;1;3;3;1;1;3;1;;
german_students;;22;m;no;;students;students;students;;15;7;8;3;1;1;2;3;1;1;2;1;;
german_students;;18;f;no;;students;students;students;;14;6;8;2;2;1;2;2;1;1;2;1;;
german_students;;30;m;no;;students;students;students;;15;5;10;1;1;1;3;3;1;1;3;1;;
german_students;;26;m;no;;students;students;students;;28;13;15;2;3;4;4;4;2;2;4;3;;
german_students;;22;f;no;;students;students;students;;28;13;15;2;4;3;4;2;1;2;5;5;;
german_students;;23;f;no;;students;students;students;;12;5;7;1;1;1;1;2;1;1;3;1;;
german_students;;27;m;no;;students;students;students;;9;5;4;1;1;1;1;1;1;1;1;1;;
german_students;;27;f;no;;students;students;students;;12;5;7;1;2;1;2;1;1;1;2;1;;
german_students;;29;f;no;;students;students;students;;21;5;16;1;4;1;4;3;1;1;5;1;;
german_students;;18;f;no;;students;students;students;;23;10;13;3;4;2;3;3;2;1;3;2;;
german_students;;23;f;no;;students;students;students;;14;5;9;1;2;1;2;2;1;1;3;1;;
german_students;;24;f;no;;students;students;students;;12;5;7;1;1;1;1;3;1;1;2;1;;
german_students;;19;f;no;;students;students;students;;19;7;12;1;2;1;4;1;1;2;5;2;;
german_students;;26;m;no;;students;students;students;;13;5;8;1;2;1;2;1;1;1;3;1;;
german_students;;22;f;no;;students;students;students;;13;5;8;1;1;1;2;2;1;1;3;1;;
german_students;;26;f;no;;students;students;students;;16;7;9;2;2;2;2;2;1;1;3;1;;
german_students;;20;f;no;;students;students;students;;18;6;12;1;2;1;2;4;1;1;4;2;;
german_students;;21;f;no;;students;students;students;;24;10;14;2;5;2;4;2;2;2;3;2;;
german_students;;20;f;no;;students;students;students;;12;6;6;1;1;2;2;2;1;1;1;1;;
german_students;;20;f;no;;students;students;students;;19;6;13;1;3;1;2;4;1;1;4;2;;
german_students;;30;f;no;;students;students;students;;21;7;14;2;3;2;4;3;1;1;4;1;;
german_students;;21;f;no;;students;students;students;;26;10;16;1;4;2;3;4;1;3;5;3;;
german_students;;23;f;no;;students;students;students;;18;6;12;1;2;2;4;2;1;1;4;1;;
german_students;;33;f;no;;students;students;students;;15;6;9;2;2;1;2;2;1;1;3;1;;
german_students;;27;f;no;;students;students;students;;17;6;11;1;3;2;3;1;1;1;4;1;;
german_students;;24;m;no;;students;students;students;;18;9;9;3;3;2;3;2;1;2;1;1;;
german_students;;26;m;no;;students;students;students;;12;5;7;1;2;1;2;1;1;1;2;1;;
german_students;;26;f;no;;students;students;students;;28;13;15;2;3;3;4;4;2;2;4;4;;
german_students;;20;f;no;;students;students;students;;31;13;18;2;4;2;4;5;2;3;5;4;;
german_students;;29;f;no;;students;students;students;;30;12;18;5;5;1;5;3;1;2;5;3;;
german_students;;23;f;no;;students;students;students;;11;5;6;1;1;1;3;1;1;1;1;1;;
german_students;;27;m;no;;students;students;students;;20;10;10;3;2;3;3;1;1;2;4;1;;
german_students;;22;m;no;;students;students;students;;11;5;6;1;1;1;2;1;1;1;2;1;;
german_students;;23;m;no;;students;students;students;;19;6;13;1;2;2;4;4;1;1;3;1;;
german_students;;22;f;no;;students;students;students;;29;11;18;3;4;2;5;4;1;2;5;3;;
german_students;;26;f;no;;students;students;students;;12;5;7;1;1;1;2;2;1;1;2;1;;
german_students;;26;f;no;;students;students;students;;32;12;20;3;5;3;5;5;2;1;5;3;;
german_students;;24;f;no;;students;students;students;;12;5;7;1;1;1;2;2;1;1;2;1;;
german_students;;30;m;no;;students;students;students;;13;7;6;3;2;1;2;1;1;1;1;1;;
german_students;;22;f;no;;students;students;students;;17;7;10;1;4;2;1;2;1;1;3;2;;
german_students;;19;f;no;;students;students;students;;22;6;16;1;4;1;5;3;1;2;4;1;;
german_students;;27;m;no;;students;students;students;;9;5;4;1;1;1;1;1;1;1;1;1;;
german_students;;20;f;no;;students;students;students;;23;9;14;2;3;4;5;2;1;1;4;1;;
german_students;;20;f;no;;students;students;students;;12;5;7;1;1;1;2;2;1;1;2;1;;
german_students;;24;m;no;;students;students;students;;9;5;4;1;1;1;1;1;1;1;1;1;;
german_students;;22;f;no;;students;students;students;;12;5;7;1;1;1;2;1;1;1;3;1;;
german_students;;25;f;no;;students;students;students;;18;7;11;2;2;1;3;1;1;1;5;2;;
german_students;;24;f;no;;students;students;students;;15;5;10;1;2;1;3;1;1;1;4;1;;
german_students;;30;f;no;;students;students;students;;12;5;7;1;1;1;1;2;1;1;3;1;;
german_students;;27;f;no;;students;students;students;;14;6;8;1;2;1;2;1;1;1;3;2;;
german_students;;22;m;no;;students;students;students;;11;5;6;1;1;1;1;1;1;1;3;1;;
german_students;;27;f;no;;students;students;students;;12;5;7;1;2;1;3;1;1;1;1;1;;
german_students;;21;f;no;;students;students;students;;23;10;13;2;3;2;3;3;2;2;4;2;;
german_students;;25;f;no;;students;students;students;;26;14;12;1;2;4;3;4;3;4;3;2;;
german_students;;26;f;no;;students;students;students;;19;8;11;1;2;2;3;2;1;1;4;3;;
german_students;;20;f;no;;students;students;students;;17;5;12;1;3;1;2;3;1;1;4;1;;
german_students;;21;f;no;;students;students;students;;14;5;9;1;2;1;2;2;1;1;3;1;;
german_students;;24;f;no;;students;students;students;;18;5;13;1;3;1;4;2;1;1;4;1;;
german_students;;36;f;no;;students;students;students;;28;10;18;3;4;1;5;4;1;1;5;4;;
german_students;;20;m;no;;students;students;students;;13;5;8;1;1;1;2;2;1;1;3;1;;
german_students;;21;f;no;;students;students;students;;15;5;10;1;3;1;3;1;1;1;3;1;;
german_students;;24;f;no;;students;students;students;;16;6;10;1;3;1;2;2;1;1;3;2;;
german_students;;27;m;no;;students;students;students;;10;5;5;1;1;1;1;1;1;1;2;1;;
german_students;;20;f;no;;students;students;students;;33;14;19;4;5;2;5;4;2;2;5;4;;
german_students;;21;m;no;;students;students;students;;17;5;12;1;3;1;3;2;1;1;4;1;;
german_students;;22;f;no;;students;students;students;;12;5;7;1;1;1;2;2;1;1;2;1;;
german_students;;21;f;no;;students;students;students;;22;8;14;1;3;2;4;3;1;3;4;1;;
german_students;;26;f;no;;students;students;students;;21;10;11;3;4;3;2;1;2;1;4;1;;
german_students;;23;m;no;;students;students;students;;29;16;13;3;3;4;4;2;3;2;4;4;;
german_students;;23;f;no;;students;students;students;;23;9;14;3;4;2;3;3;1;1;4;2;;
german_students;;25;m;no;;students;students;students;;16;6;10;2;2;1;3;2;1;1;3;1;;
german_students;;23;m;no;;students;students;students;;12;5;7;1;1;1;2;1;1;1;3;1;;
german_students;;31;f;no;;students;students;students;;27;11;16;1;4;2;4;4;2;2;4;4;;
german_students;;34;m;no;;students;students;students;;23;10;13;3;4;2;3;3;1;1;3;3;;
german_students;;25;m;no;;students;students;students;;15;5;10;1;3;1;2;2;1;1;3;1;;
german_students;;24;m;no;;students;students;students;;14;6;8;1;2;1;2;2;1;1;2;2;;
german_students;;25;m;no;;students;students;students;;26;8;18;4;5;1;5;3;1;1;5;1;;
german_students;;24;f;no;;students;students;students;;9;5;4;1;1;1;1;1;1;1;1;1;;
german_students;;26;f;no;;students;students;students;;28;10;18;3;4;1;5;4;1;1;5;4;;
german_students;;23;f;no;;students;students;students;;11;5;6;1;1;1;1;2;1;1;2;1;;
german_students;;25;f;no;;students;students;students;;22;7;15;2;3;1;4;3;1;1;5;2;;
german_students;;23;m;no;;students;students;students;;13;5;8;1;2;1;1;1;1;1;4;1;;
german_students;;23;f;no;;students;students;students;;25;9;16;2;3;2;4;4;1;2;5;2;;
german_students;;19;m;no;;students;students;students;;16;6;10;1;3;2;2;2;1;1;3;1;;
german_students;;24;m;no;;students;students;students;;22;8;14;1;2;1;3;4;2;2;5;2;;
german_students;;20;f;no;;students;students;students;;20;8;12;1;3;2;4;2;1;2;3;2;;
german_students;;24;f;no;;students;students;students;;27;15;12;3;3;3;3;3;3;3;3;3;;
german_students;;22;f;no;;students;students;students;;19;7;12;1;4;2;3;1;1;1;4;2;;
german_students;;18;f;no;;students;students;students;;15;5;10;1;2;1;3;2;1;1;3;1;;
german_students;;23;m;no;;students;students;students;;17;6;11;2;4;1;3;1;1;1;3;1;;
german_students;;20;m;no;;students;students;students;;13;6;7;1;1;1;2;2;1;2;2;1;;
german_students;;22;m;no;;students;students;students;;18;8;10;3;2;2;2;2;1;1;4;1;;
german_students;;27;f;no;;students;students;students;;14;5;9;1;3;1;2;1;1;1;3;1;;
german_students;;24;m;no;;students;students;students;;30;12;18;2;4;3;5;4;2;3;5;2;;
german_students;;33;f;no;;students;students;students;;16;5;11;1;2;1;3;3;1;1;3;1;;
german_students;;21;f;no;;students;students;students;;14;5;9;1;2;1;2;1;1;1;4;1;;
german_students;;24;m;no;;students;students;students;;13;5;8;1;1;1;1;3;1;1;3;1;;
german_students;;39;m;no;;students;students;students;;9;5;4;1;1;1;1;1;1;1;1;1;;
german_students;;22;f;no;;students;students;students;;9;5;4;1;1;1;1;1;1;1;1;1;;
german_students;;24;f;no;;students;students;students;;17;9;8;2;1;1;2;2;2;2;3;2;;
german_students;;22;f;no;;students;students;students;;25;9;16;2;5;3;4;2;1;1;5;2;;
german_students;;25;m;no;;students;students;students;;17;5;12;1;4;1;1;3;1;1;4;1;;
german_students;;24;f;no;;students;students;students;;14;5;9;1;2;1;3;1;1;1;3;1;;
german_students;;20;f;no;;students;students;students;;9;5;4;1;1;1;1;1;1;1;1;1;;
german_students;;25;m;no;;students;students;students;;25;10;15;1;3;2;3;4;2;3;5;2;;
german_students;;31;f;no;;students;students;students;;22;8;14;1;3;2;4;3;1;2;4;2;;
german_students;;27;f;no;;students;students;students;;19;5;14;1;4;1;4;1;1;1;5;1;;
german_students;;26;f;no;;students;students;students;;14;5;9;1;1;1;2;2;1;1;4;1;;
german_students;;24;f;no;;students;students;students;;29;13;16;3;4;3;4;4;2;2;4;3;;
german_students;;20;m;no;;students;students;students;;20;10;10;2;2;2;2;3;2;2;3;2;;
german_students;;21;m;no;;students;students;students;;10;5;5;1;1;1;1;1;1;1;2;1;;
german_students;;23;m;no;;students;students;students;;19;7;12;1;2;2;3;2;1;1;5;2;;
german_students;;30;m;no;;students;students;students;;9;5;4;1;1;1;1;1;1;1;1;1;;
german_students;;26;m;no;;students;students;students;;14;5;9;1;2;1;2;2;1;1;3;1;;
german_students;;20;f;no;;students;students;students;;25;8;17;1;3;2;5;5;1;1;4;3;;
german_students;;22;f;no;;students;students;students;;17;5;12;1;3;1;3;2;1;1;4;1;;
german_students;;23;f;no;;students;students;students;;30;13;17;4;5;2;4;3;2;2;5;3;;
german_students;;40;f;no;;students;students;students;;12;5;7;1;2;1;2;1;1;1;2;1;;
german_students;;32;f;no;;students;students;students;;19;6;13;1;2;1;4;4;1;1;3;2;;
german_students;;25;f;no;;students;students;students;;31;14;17;4;5;2;4;3;2;3;5;3;;
german_students;;25;m;no;;students;students;students;;11;5;6;1;1;1;2;1;1;1;2;1;;
german_students;;24;m;no;;students;students;students;;12;5;7;1;2;1;2;1;1;1;2;1;;
german_students;;22;m;no;;students;students;students;;10;5;5;1;1;1;1;1;1;1;2;1;;
german_students;;20;f;no;;students;students;students;;12;5;7;1;2;1;2;1;1;1;2;1;;
german_students;;26;f;no;;students;students;students;;17;5;12;1;1;1;5;1;1;1;5;1;;
german_students;;22;f;no;;students;students;students;;11;5;6;1;1;1;2;1;1;1;2;1;;
german_students;;22;m;no;;students;students;students;;11;5;6;1;2;1;1;1;1;1;2;1;;
german_students;;25;f;no;;students;students;students;;11;5;6;1;1;1;2;1;1;1;2;1;;
german_students;;19;f;no;;students;students;students;;11;5;6;1;2;1;2;1;1;1;1;1;;
german_students;;22;m;no;;students;students;students;;21;7;14;1;3;2;4;3;2;1;4;1;;
german_students;;20;f;no;;students;students;students;;26;8;18;1;4;1;5;4;1;4;5;1;;
german_students;;19;f;no;;students;students;students;;12;5;7;1;1;1;2;1;1;1;3;1;;
german_students;;25;f;no;;students;students;students;;30;13;17;3;4;3;5;3;2;2;5;3;;
german_students;;21;f;no;;students;students;students;;30;11;19;1;5;3;5;4;1;3;5;3;;
german_students;;23;f;no;;students;students;students;;10;5;5;1;2;1;1;1;1;1;1;1;;
german_students;;18;f;no;;students;students;students;;20;6;14;1;3;1;4;3;1;1;4;2;;
german_students;;29;f;no;;students;students;students;;13;5;8;1;1;1;2;2;1;1;3;1;;
german_students;;21;m;no;;students;students;students;;28;11;17;1;4;3;4;4;2;4;5;1;;
german_students;;25;f;no;;students;students;students;;12;5;7;1;2;1;2;1;1;1;2;1;;
german_students;;20;f;no;;students;students;students;;17;5;12;1;2;1;4;2;1;1;4;1;;
german_students;;28;f;no;;students;students;students;;24;5;19;1;5;1;5;4;1;1;5;1;;
german_students;;21;f;no;;students;students;students;;21;5;16;1;3;1;4;4;1;1;5;1;;
german_students;;29;m;no;;students;students;students;;13;5;8;1;1;1;2;2;1;1;3;1;;
german_students;;21;f;no;;students;students;students;;20;5;15;1;5;1;4;1;1;1;5;1;;
german_students;;51;m;no;;students;students;students;;10;5;5;1;1;1;1;1;1;1;2;1;;
german_students;;22;f;no;;students;students;students;;19;5;14;1;3;1;4;3;1;1;4;1;;
german_students;;23;f;no;;students;students;students;;20;10;10;1;2;3;2;3;2;2;3;2;;
german_students;;23;f;no;;students;students;students;;23;11;12;2;2;2;3;3;2;2;4;3;;
german_students;;20;m;no;;students;students;students;;23;8;15;4;2;1;4;5;1;1;4;1;;
german_students;;25;f;no;;students;students;students;;21;9;12;3;3;1;3;3;1;3;3;1;;
german_students;;23;f;no;;students;students;students;;17;8;9;1;2;1;4;2;1;1;1;4;;
german_students;;28;m;no;;students;students;students;;21;7;14;1;2;1;3;4;2;2;5;1;;
german_students;;20;f;no;;students;students;students;;16;5;11;1;3;1;3;1;1;1;4;1;;
german_students;;22;f;no;;students;students;students;;22;7;15;3;3;1;5;2;1;1;5;1;;
german_students;;23;f;no;;students;students;students;;17;5;12;1;3;1;3;2;1;1;4;1;;
german_students;;22;m;no;;students;students;students;;9;5;4;1;1;1;1;1;1;1;1;1;;
german_students;;18;f;no;;students;students;students;;13;5;8;1;2;1;1;1;1;1;4;1;;
german_students;;28;m;no;;students;students;students;;11;5;6;1;1;1;1;2;1;1;2;1;;
german_students;;25;f;no;;students;students;students;;26;9;17;2;4;2;5;3;1;1;5;3;;
german_students;;28;m;no;;students;students;students;;11;5;6;1;2;1;2;1;1;1;1;1;;
german_students;;25;f;no;;students;students;students;;25;10;15;3;4;2;4;3;1;1;4;3;;
german_students;;22;f;no;;students;students;students;;25;11;14;4;4;3;3;3;1;1;4;2;;
german_students;;24;m;no;;students;students;students;;18;8;10;1;1;1;3;3;2;2;3;2;;
german_students;;29;m;no;;students;students;students;;33;14;19;2;5;3;5;4;3;2;5;4;;
german_students;;25;f;no;;students;students;students;;15;6;9;2;2;1;3;2;1;1;2;1;;
german_students;;20;f;no;;students;students;students;;25;12;13;2;3;3;2;4;2;3;4;2;;
german_students;;23;f;no;;students;students;students;;16;7;9;2;2;1;2;2;1;1;3;2;;
german_students;;24;f;no;;students;students;students;;25;10;15;1;3;5;5;2;1;1;5;2;;
german_students;;27;m;no;;students;students;students;;17;5;12;1;2;1;4;3;1;1;3;1;;
german_students;;23;f;no;;students;students;students;;21;5;16;1;4;1;5;3;1;1;4;1;;
german_students;;25;f;no;;students;students;students;;21;7;14;1;3;1;4;3;1;1;4;3;;
german_students;;29;f;no;;students;students;students;;13;6;7;2;2;1;2;1;1;1;2;1;;
german_students;;21;m;no;;students;students;students;;30;12;18;1;5;1;4;4;3;4;5;3;;
german_students;;22;m;no;;students;students;students;;27;12;15;2;3;3;4;4;2;2;4;3;;
german_students;;25;f;no;;students;students;students;;15;5;10;1;2;1;3;1;1;1;4;1;;
german_students;;24;f;no;;students;students;students;;20;5;15;1;5;1;4;2;1;1;4;1;;
german_students;;20;f;no;;students;students;students;;15;5;10;1;2;1;3;2;1;1;3;1;;
german_students;;25;f;no;;students;students;students;;17;6;11;1;3;1;2;3;1;2;3;1;;
german_students;;22;m;no;;students;students;students;;25;10;15;3;3;2;4;3;2;2;5;1;;
german_students;;24;m;no;;students;students;students;;35;17;18;2;4;4;5;4;4;4;5;3;;
german_students;;23;f;no;;students;students;students;;25;10;15;1;3;1;4;4;3;3;4;2;;
german_students;;29;f;no;;students;students;students;;21;5;16;1;1;1;5;5;1;1;5;1;;
german_students;;24;f;no;;students;students;students;;15;5;10;1;3;1;2;2;1;1;3;1;;
german_students;;30;f;no;;students;students;students;;21;7;14;2;3;2;3;4;1;1;4;1;;
german_students;;19;m;no;;students;students;students;;11;5;6;1;1;1;1;1;1;1;3;1;;
german_students;;28;m;no;;students;students;students;;30;14;16;3;3;2;3;5;3;3;5;3;;
german_students;;25;f;no;;students;students;students;;18;6;12;1;3;2;4;1;1;1;4;1;;
german_students;;23;f;no;;students;students;students;;16;5;11;1;2;1;3;2;1;1;4;1;;
german_students;;26;f;no;;students;students;students;;18;6;12;2;3;1;3;3;1;1;3;1;;
german_students;;21;f;no;;students;students;students;;17;5;12;1;3;1;3;2;1;1;4;1;;
german_students;;22;f;no;;students;students;students;;25;11;14;2;3;2;4;3;2;2;4;3;;
german_students;;24;m;no;;students;students;students;;28;13;15;3;3;3;4;4;1;2;4;4;;
german_students;;28;f;no;;students;students;students;;11;5;6;1;1;1;2;1;1;1;2;1;;
german_students;;23;m;no;;students;students;students;;13;5;8;1;2;1;1;2;1;1;3;1;;
german_students;;28;m;no;;students;students;students;;12;5;7;1;2;1;2;1;1;1;2;1;;
german_students;;19;f;no;;students;students;students;;12;6;6;1;1;1;1;1;1;2;3;1;;
german_students;;22;f;no;;students;students;students;;40;20;20;3;5;4;5;5;4;4;5;5;;
german_students;;26;m;no;;students;students;students;;13;5;8;1;1;1;3;1;1;1;3;1;;
german_students;;28;m;no;;students;students;students;;22;8;14;2;4;1;3;3;3;1;4;1;;
german_students;;24;f;no;;students;students;students;;12;5;7;1;2;1;2;1;1;1;2;1;;
german_students;;33;m;no;;students;students;students;;19;6;13;2;4;1;3;2;1;1;4;1;;
german_students;;30;f;no;;students;students;students;;29;13;16;2;4;3;5;3;3;2;4;3;;
german_students;;24;f;no;;students;students;students;;27;11;16;2;3;2;4;4;2;2;5;3;;
german_students;;24;f;no;;students;students;students;;16;7;9;1;2;1;2;2;1;2;3;2;;
german_students;;25;f;no;;students;students;students;;19;6;13;2;4;1;4;1;1;1;4;1;;
german_students;;19;f;no;;students;students;students;;20;8;12;1;2;2;3;3;1;2;4;2;;
german_students;;26;f;no;;students;students;students;;28;11;17;3;4;3;4;4;1;1;5;3;;
german_students;;24;f;no;;students;students;students;;9;5;4;1;1;1;1;1;1;1;1;1;;
german_students;;35;m;no;;students;students;students;;12;5;7;1;1;1;2;2;1;1;2;1;;
german_students;;21;f;no;;students;students;students;;19;7;12;2;1;1;4;3;1;1;4;2;;
german_students;;25;f;no;;students;students;students;;31;11;20;3;5;2;5;5;2;2;5;2;;
german_students;;32;m;no;;students;students;students;;31;14;17;2;3;2;4;5;3;3;5;4;;
german_students;;26;f;no;;students;students;students;;14;5;9;1;2;1;2;2;1;1;3;1;;
german_students;;20;f;no;;students;students;students;;34;17;17;2;4;4;4;4;4;4;5;3;;
german_students;;26;m;no;;students;students;students;;23;7;16;1;4;2;4;3;1;1;5;2;;
german_students;;21;m;no;;students;students;students;;14;5;9;1;2;1;3;2;1;1;2;1;;
german_students;;23;f;no;;students;students;students;;17;6;11;2;3;1;3;2;1;1;3;1;;
german_students;;26;f;no;;students;students;students;;23;8;15;3;3;1;4;3;1;1;5;2;;
german_students;;21;m;no;;students;students;students;;19;8;11;2;3;1;2;2;2;2;4;1;;
german_students;;22;f;no;;students;students;students;;30;13;17;3;3;2;4;5;1;5;5;2;;
german_students;;32;f;no;;students;students;students;;30;14;16;3;4;3;4;4;2;2;4;4;;
german_students;;24;f;no;;students;students;students;;12;8;4;1;1;1;1;1;4;1;1;1;;
german_students;;25;f;no;;students;students;students;;21;6;15;2;4;1;4;2;1;1;5;1;;
german_students;;19;m;no;;students;students;students;;9;5;4;1;1;1;1;1;1;1;1;1;;
german_students;;21;f;no;;students;students;students;;14;5;9;1;3;1;2;1;1;1;3;1;;
german_students;;23;m;no;;students;students;students;;12;6;6;1;1;2;2;1;1;1;2;1;;
german_students;;23;f;no;;students;students;students;;24;11;13;2;2;2;3;4;2;2;4;3;;
german_students;;24;m;no;;students;students;students;;10;5;5;1;1;1;1;1;1;1;2;1;;
german_students;;19;f;no;;students;students;students;;16;5;11;1;2;1;3;3;1;1;3;1;;
german_students;;21;f;no;;students;students;students;;18;7;11;2;3;1;2;2;1;1;4;2;;
german_students;;20;f;no;;students;students;students;;28;11;17;3;3;2;5;4;2;1;5;3;;
german_students;;21;f;no;;students;students;students;;20;8;12;1;2;2;3;4;1;1;3;3;;
german_students;;23;m;no;;students;students;students;;45;25;20;5;5;5;5;5;5;5;5;5;;
german_students;;28;f;no;;students;students;students;;24;7;17;2;4;1;4;4;1;1;5;2;;
german_students;;21;f;no;;students;students;students;;12;5;7;1;1;1;2;2;1;1;2;1;;
german_students;;22;f;no;;students;students;students;;29;11;18;2;5;4;5;5;1;2;3;2;;
german_students;;21;m;no;;students;students;students;;16;5;11;1;2;1;3;2;1;1;4;1;;
german_students;;26;f;no;;students;students;students;;21;7;14;2;4;2;4;3;1;1;3;1;;
german_students;;23;f;no;;students;students;students;;21;6;15;1;3;1;4;3;1;1;5;2;;
german_students;;20;m;no;;students;students;students;;22;9;13;4;4;1;3;3;1;1;3;2;;
german_students;;20;f;no;;students;students;students;;25;11;14;2;2;1;3;4;3;2;5;3;;
german_students;;30;m;no;;students;students;students;;12;5;7;1;2;1;2;1;1;1;2;1;;
german_students;;19;m;no;;students;students;students;;12;5;7;1;1;1;1;2;1;1;3;1;;
german_students;;25;f;no;;students;students;students;;28;11;17;2;4;3;4;4;2;2;5;2;;
german_students;;18;f;no;;students;students;students;;21;8;13;1;4;1;3;1;1;1;5;4;;
german_students;;22;f;no;;students;students;students;;17;7;10;1;2;2;1;3;1;2;4;1;;
german_students;;18;f;no;;students;students;students;;16;6;10;1;1;2;3;3;1;1;3;1;;
german_students;;20;f;no;;students;students;students;;19;7;12;1;3;1;3;3;1;2;3;2;;
german_students;;25;m;no;;students;students;students;;19;7;12;2;3;1;3;3;1;1;3;2;;
german_students;;20;f;no;;students;students;students;;16;5;11;1;2;1;2;3;1;1;4;1;;
german_students;;25;f;no;;students;students;students;;25;14;11;2;2;3;3;3;3;3;3;3;;
german_students;;21;f;no;;students;students;students;;13;5;8;1;1;1;3;1;1;1;3;1;;
german_students;;22;m;no;;students;students;students;;15;6;9;1;2;1;3;1;1;1;3;2;;
german_students;;19;f;no;;students;students;students;;17;5;12;1;3;1;2;2;1;1;5;1;;
german_students;;21;f;no;;students;students;students;;19;7;12;3;4;1;3;2;1;1;3;1;;
german_students;;21;m;no;;students;students;students;;15;5;10;1;3;1;2;2;1;1;3;1;;
german_students;;24;m;no;;students;students;students;;10;5;5;1;1;1;2;1;1;1;1;1;;
german_students;;22;f;no;;students;students;students;;13;5;8;1;2;1;3;1;1;1;2;1;;
german_students;;18;f;no;;students;students;students;;19;8;11;2;2;2;2;3;1;1;4;2;;
german_students;;20;f;no;;students;students;students;;38;18;20;5;5;5;5;5;2;2;5;4;;
german_students;;25;f;no;;students;students;students;;15;5;10;1;4;1;1;2;1;1;3;1;;
german_students;;20;f;no;;students;students;students;;13;5;8;1;1;1;3;2;1;1;2;1;;
german_students;;22;f;no;;students;students;students;;21;7;14;1;3;1;3;4;1;2;4;2;;
german_students;;20;f;no;;students;students;students;;15;6;9;1;1;1;3;1;2;1;4;1;;
german_students;;22;f;no;;students;students;students;;13;5;8;1;1;1;2;1;1;1;4;1;;
german_students;;22;f;no;;students;students;students;;25;10;15;2;4;2;4;3;2;3;4;1;;
german_students;;18;m;no;;students;students;students;;15;5;10;1;3;1;2;2;1;1;3;1;;
german_students;;23;f;no;;students;students;students;;18;5;13;1;2;1;3;4;1;1;4;1;;
german_students;;19;f;no;;students;students;students;;20;7;13;1;3;2;4;2;2;1;4;1;;
german_students;;24;m;no;;students;students;students;;20;5;15;1;3;1;4;3;1;1;5;1;;
german_students;;20;f;no;;students;students;students;;11;5;6;1;1;1;1;1;1;1;3;1;;
german_students;;25;f;no;;students;students;students;;11;5;6;1;1;1;1;2;1;1;2;1;;
german_students;;23;f;no;;students;students;students;;18;6;12;1;2;1;3;4;1;1;3;2;;
german_students;;21;f;no;;students;students;students;;17;5;12;1;3;1;3;2;1;1;4;1;;
german_students;;23;m;no;;students;students;students;;31;12;19;3;5;2;5;5;2;2;4;3;;
german_students;;22;m;no;;students;students;students;;17;7;10;2;2;1;2;3;2;1;3;1;;
german_students;;22;f;no;;students;students;students;;32;15;17;4;3;4;5;5;5;1;4;1;;
german_students;;23;f;no;;students;students;students;;13;5;8;1;1;1;1;3;1;1;3;1;;
german_students;;29;f;no;;students;students;students;;17;5;12;1;2;1;3;3;1;1;4;1;;
german_students;;21;f;no;;students;students;students;;17;6;11;1;1;1;3;3;1;2;4;1;;
german_students;;29;f;no;;students;students;students;;27;12;15;2;4;2;4;3;2;2;4;4;;
german_students;;20;m;no;;students;students;students;;15;6;9;1;2;2;1;3;1;1;3;1;;
german_students;;24;m;no;;students;students;students;;11;5;6;1;1;1;2;1;1;1;2;1;;
german_students;;24;f;no;;students;students;students;;15;5;10;1;2;1;3;2;1;1;3;1;;
german_students;;19;f;no;;students;students;students;;12;5;7;1;2;1;2;1;1;1;2;1;;
german_students;;24;f;no;;students;students;students;;15;5;10;1;2;1;1;4;1;1;3;1;;
german_students;;22;f;no;;students;students;students;;28;12;16;2;4;3;4;4;2;2;4;3;;
german_students;;23;m;no;;students;students;students;;9;5;4;1;1;1;1;1;1;1;1;1;;
german_students;;22;m;no;;students;students;students;;30;13;17;3;5;4;4;4;2;2;4;2;;
german_students;;20;f;no;;students;students;students;;12;5;7;1;1;1;2;2;1;1;2;1;;
german_students;;19;f;no;;students;students;students;;17;5;12;1;5;1;2;2;1;1;3;1;;
german_students;;51;f;no;;students;students;students;;10;5;5;1;1;1;1;2;1;1;1;1;;
german_students;;19;f;no;;students;students;students;;24;12;12;2;2;4;3;3;2;2;4;2;;
german_students;;22;f;no;;students;students;students;;20;8;12;1;2;3;4;2;2;1;4;1;;
german_students;;26;m;no;;students;students;students;;20;9;11;1;2;3;3;2;1;2;4;2;;
german_students;;18;f;no;;students;students;students;;22;8;14;1;3;2;4;3;2;1;4;2;;
german_students;;25;f;no;;students;students;students;;16;6;10;2;3;1;2;2;1;1;3;1;;
german_students;;21;f;no;;students;students;students;;24;11;13;2;3;3;2;4;2;3;4;1;;
german_students;;22;m;no;;students;students;students;;12;6;6;2;1;1;1;3;1;1;1;1;;
german_students;;20;m;no;;students;students;students;;10;5;5;1;1;1;2;1;1;1;1;1;;
german_students;;22;m;no;;students;students;students;;19;7;12;1;3;1;3;2;3;1;4;1;;
german_students;;33;m;no;;students;students;students;;10;5;5;1;1;1;2;1;1;1;1;1;;
german_students;;23;m;no;;students;students;students;;10;5;5;1;1;1;1;1;1;1;2;1;;
german_students;;26;f;no;;students;students;students;;9;5;4;1;1;1;1;1;1;1;1;1;;
german_students;;21;f;no;;students;students;students;;13;5;8;1;2;1;2;2;1;1;2;1;;
german_students;;20;f;no;;students;students;students;;24;12;12;3;3;3;3;2;2;2;4;2;;
german_students;;22;m;no;;students;students;students;;10;5;5;1;1;1;1;1;1;1;2;1;;
german_students;;20;f;no;;students;students;students;;13;5;8;1;2;1;2;2;1;1;2;1;;
german_students;;23;f;no;;students;students;students;;21;8;13;1;3;4;4;2;1;1;4;1;;
german_students;;23;f;no;;students;students;students;;25;13;12;3;3;3;3;3;3;3;3;1;;
german_students;;24;f;no;;students;students;students;;19;6;13;1;3;1;4;2;2;1;4;1;;
german_students;;23;m;no;;students;students;students;;23;8;15;2;4;2;4;2;1;1;5;2;;
german_students;;23;m;no;;students;students;students;;9;5;4;1;1;1;1;1;1;1;1;1;;
german_students;;24;f;no;;students;students;students;;14;5;9;1;2;1;2;4;1;1;1;1;;
german_students;;26;f;no;;students;students;students;;21;8;13;1;2;2;4;3;1;1;4;3;;
german_students;;35;f;no;;students;students;students;;21;8;13;2;4;2;3;3;1;1;3;2;;
german_students;;23;f;no;;students;students;students;;13;5;8;1;1;1;2;1;1;1;4;1;;
german_students;;20;f;no;;students;students;students;;31;14;17;2;3;3;5;4;3;3;5;3;;
german_students;;26;m;no;;students;students;students;;11;5;6;1;1;1;2;1;1;1;2;1;;
german_students;;26;m;no;;students;students;students;;18;6;12;1;2;2;3;3;1;1;4;1;;
german_students;;22;f;no;;students;students;students;;31;12;19;3;5;3;5;4;2;2;5;2;;
german_students;;21;m;no;;students;students;students;;22;7;15;1;3;2;4;4;1;2;4;1;;
german_students;;22;f;no;;students;students;students;;20;5;15;1;3;1;4;4;1;1;4;1;;
german_students;;28;f;no;;students;students;students;;24;11;13;3;3;2;3;3;2;2;4;2;;
german_students;;20;m;no;;students;students;students;;23;13;10;1;2;3;3;3;3;3;2;3;;
german_students;;22;f;no;;students;students;students;;13;5;8;1;1;1;1;3;1;1;3;1;;
german_students;;26;f;no;;students;students;students;;20;7;13;1;3;1;3;3;1;1;4;3;;
german_students;;22;f;no;;students;students;students;;21;6;15;1;4;1;4;2;1;1;5;2;;
german_students;;22;m;no;;students;students;students;;17;6;11;2;3;1;3;2;1;1;3;1;;
german_students;;27;f;no;;students;students;students;;22;8;14;2;2;1;4;3;1;2;5;2;;
german_students;;27;m;no;;students;students;students;;17;6;11;2;4;1;3;1;1;1;3;1;;
german_students;;24;f;no;;students;students;students;;37;18;19;5;5;4;5;4;2;2;5;5;;
german_students;;20;f;no;;students;students;students;;19;8;11;2;2;2;3;2;1;1;4;2;;
german_students;;19;m;no;;students;students;students;;13;5;8;1;1;1;1;3;1;1;3;1;;
german_students;;25;f;no;;students;students;students;;14;5;9;1;2;1;2;2;1;1;3;1;;
german_students;;28;f;no;;students;students;students;;29;13;16;2;4;3;4;3;2;3;5;3;;
german_students;;30;f;no;;students;students;students;;15;5;10;1;3;1;3;2;1;1;2;1;;
german_students;;21;f;no;;students;students;students;;15;5;10;1;2;1;3;3;1;1;2;1;;
german_students;;25;f;no;;students;students;students;;35;17;18;4;5;4;5;3;3;1;5;5;;
german_students;;29;f;no;;students;students;students;;19;5;14;1;3;1;4;3;1;1;4;1;;
german_students;;24;f;no;;students;students;students;;16;5;11;1;3;1;2;2;1;1;4;1;;
german_students;;23;m;no;;students;students;students;;26;9;17;3;4;1;4;4;1;1;5;3;;
german_students;;24;f;no;;students;students;students;;16;6;10;1;1;2;3;4;1;1;2;1;;
german_students;;26;m;no;;students;students;students;;12;5;7;1;2;1;2;1;1;1;2;1;;
german_students;;28;f;no;;students;students;students;;16;6;10;1;2;1;3;2;1;2;3;1;;
german_students;;24;f;no;;students;students;students;;14;6;8;2;1;1;3;1;1;1;3;1;;
german_students;;27;m;no;;students;students;students;;18;5;13;1;2;1;2;5;1;1;4;1;;
german_students;;20;f;no;;students;students;students;;30;14;16;5;5;2;4;2;2;2;5;3;;
german_students;;23;f;no;;students;students;students;;17;7;10;1;2;1;2;3;1;1;3;3;;
german_students;;23;f;no;;students;students;students;;22;7;15;1;4;2;4;3;1;2;4;1;;
german_students;;22;f;no;;students;students;students;;22;7;15;2;4;2;5;2;1;1;4;1;;
german_students;;20;f;no;;students;students;students;;20;6;14;1;4;2;4;2;1;1;4;1;;
german_students;;20;f;no;;students;students;students;;23;8;15;1;5;2;4;2;1;3;4;1;;
german_students;;27;f;no;;students;students;students;;16;6;10;1;2;1;3;2;1;1;3;2;;
german_students;;23;m;no;;students;students;students;;22;6;16;1;4;2;4;3;1;1;5;1;;
german_students;;23;f;no;;students;students;students;;16;5;11;1;2;1;3;3;1;1;3;1;;
german_students;;19;m;no;;students;students;students;;21;8;13;3;3;1;4;2;1;1;4;2;;
german_students;;19;f;no;;students;students;students;;24;11;13;3;2;2;4;3;2;3;4;1;;
german_students;;25;f;no;;students;students;students;;15;5;10;1;2;1;2;3;1;1;3;1;;
german_students;;26;f;no;;students;students;students;;33;14;19;4;5;3;5;4;2;2;5;3;;
german_students;;25;f;no;;students;students;students;;16;5;11;1;2;1;3;2;1;1;4;1;;
german_students;;27;f;no;;students;students;students;;21;8;13;2;3;3;2;3;1;1;5;1;;
german_students;;19;m;no;;students;students;students;;20;5;15;1;3;1;3;4;1;1;5;1;;
german_students;;22;f;no;;students;students;students;;15;5;10;1;2;1;3;2;1;1;3;1;;
german_students;;27;f;no;;students;students;students;;14;7;7;2;1;1;2;2;1;1;2;2;;
german_students;;31;m;no;;students;students;students;;11;5;6;1;2;1;2;1;1;1;1;1;;
german_students;;22;f;no;;students;students;students;;20;5;15;1;3;1;4;3;1;1;5;1;;
german_students;;26;f;no;;students;students;students;;18;7;11;1;2;1;4;2;2;1;3;2;;
german_students;;19;f;no;;students;students;students;;13;5;8;1;2;1;2;2;1;1;2;1;;
german_students;;25;m;no;;students;students;students;;19;7;12;1;1;2;4;3;2;1;4;1;;
german_students;;21;f;no;;students;students;students;;12;5;7;1;1;1;2;1;1;1;3;1;;
german_students;;20;m;no;;students;students;students;;12;6;6;1;2;1;1;1;1;1;2;2;;
german_students;;19;f;no;;students;students;students;;28;9;19;1;4;3;5;5;1;1;5;3;;
german_students;;23;f;no;;students;students;students;;27;11;16;2;4;1;4;3;3;2;5;3;;
german_students;;23;f;no;;students;students;students;;23;8;15;1;4;3;4;2;1;1;5;2;;
german_students;;20;f;no;;students;students;students;;12;5;7;1;1;1;2;3;1;1;1;1;;
german_students;;23;m;no;;students;students;students;;13;5;8;1;3;1;2;1;1;1;2;1;;
german_students;;21;f;no;;students;students;students;;14;5;9;1;2;1;2;2;1;1;3;1;;
german_students;;29;f;no;;students;students;students;;19;6;13;1;2;2;4;3;1;1;4;1;;
german_students;;23;f;no;;students;students;students;;15;6;9;2;2;1;2;2;1;1;3;1;;
german_students;;22;f;no;;students;students;students;;14;5;9;1;1;1;1;3;1;1;4;1;;
german_students;;32;m;no;;students;students;students;;21;11;10;1;2;3;2;4;3;3;2;1;;
german_students;;26;f;no;;students;students;students;;23;7;16;1;3;1;4;4;1;1;5;3;;
german_students;;21;m;no;;students;students;students;;13;5;8;1;2;1;2;2;1;1;2;1;;
german_students;;27;f;no;;students;students;students;;14;5;9;1;2;1;2;2;1;1;3;1;;
german_students;;24;f;no;;students;students;students;;16;6;10;1;2;1;3;2;1;2;3;1;;
german_students;;19;f;no;;students;students;students;;21;5;16;1;3;1;5;3;1;1;5;1;;
german_students;;24;f;no;;students;students;students;;25;8;17;1;3;2;5;4;2;1;5;2;;
german_students;;21;f;no;;students;students;students;;21;5;16;1;5;1;4;3;1;1;4;1;;
german_students;;20;f;no;;students;students;students;;21;9;12;1;2;1;3;3;2;2;4;3;;
german_students;;25;f;no;;students;students;students;;27;11;16;1;4;3;4;3;2;3;5;2;;
german_students;;23;m;no;;students;students;students;;17;8;9;1;2;2;2;2;2;1;3;2;;
german_students;;21;f;no;;students;students;students;;18;5;13;1;3;1;3;3;1;1;4;1;;
german_students;;20;m;no;;students;students;students;;12;5;7;1;1;1;2;1;1;1;3;1;;
german_students;;22;f;no;;students;students;students;;17;7;10;1;1;1;3;4;1;2;2;2;;
german_students;;21;f;no;;students;students;students;;24;8;16;1;5;2;3;3;1;1;5;3;;
german_students;;20;f;no;;students;students;students;;33;14;19;4;5;3;5;4;3;1;5;3;;
german_students;;21;f;no;;students;students;students;;21;6;15;1;4;2;4;3;1;1;4;1;;
german_students;;28;f;no;;students;students;students;;12;5;7;1;1;1;1;3;1;1;2;1;;
german_students;;22;m;no;;students;students;students;;41;21;20;3;5;4;5;5;5;4;5;5;;
german_students;;21;f;no;;students;students;students;;30;14;16;3;4;2;4;4;4;2;4;3;;
german_students;;23;f;no;;students;students;students;;16;6;10;2;2;1;3;2;1;1;3;1;;
german_students;;30;m;no;;students;students;students;;15;5;10;1;2;1;2;3;1;1;3;1;;
german_students;;21;m;no;;students;students;students;;26;14;12;2;3;2;3;2;3;3;4;4;;
german_students;;26;f;no;;students;students;students;;38;19;19;3;5;4;5;4;4;4;5;4;;
german_students;;20;f;no;;students;students;students;;11;5;6;1;2;1;1;1;1;1;2;1;;
german_students;;22;f;no;;students;students;students;;28;14;14;3;3;3;4;3;3;2;4;3;;
german_students;;18;m;no;;students;students;students;;18;7;11;3;1;1;4;2;1;1;4;1;;
german_students;;19;f;no;;students;students;students;;13;5;8;1;2;1;2;1;1;1;3;1;;
german_students;;24;m;no;;students;students;students;;23;12;11;2;3;3;3;2;3;2;3;2;;
german_students;;26;f;no;;students;students;students;;17;7;10;1;2;1;3;2;1;2;3;2;;
german_students;;19;f;no;;students;students;students;;17;5;12;1;3;1;4;1;1;1;4;1;;
german_students;;36;f;no;;students;students;students;;22;5;17;1;5;1;5;2;1;1;5;1;;
german_students;;24;f;no;;students;students;students;;22;5;17;1;3;1;5;5;1;1;4;1;;
german_students;;21;f;no;;students;students;students;;13;5;8;1;2;1;2;2;1;1;2;1;;
german_students;;25;m;no;;students;students;students;;21;5;16;1;3;1;4;4;1;1;5;1;;
german_students;;21;m;no;;students;students;students;;11;5;6;1;1;1;2;1;1;1;2;1;;
german_students;;19;f;no;;students;students;students;;32;15;17;3;4;3;4;4;3;3;5;3;;
german_students;;24;f;no;;students;students;students;;15;6;9;1;1;1;3;1;1;1;4;2;;
german_students;;18;m;no;;students;students;students;;13;6;7;1;1;2;1;2;1;1;3;1;;
german_students;;21;f;no;;students;students;students;;15;5;10;1;2;1;3;2;1;1;3;1;;
german_students;;23;m;no;;students;students;students;;39;20;19;4;5;5;5;4;3;3;5;5;;
german_students;;23;f;no;;students;students;students;;16;7;9;1;2;2;3;2;1;1;2;2;;
german_students;;23;m;no;;students;students;students;;12;5;7;1;2;1;2;1;1;1;2;1;;
german_students;;25;f;no;;students;students;students;;14;5;9;1;2;1;2;2;1;1;3;1;;
german_students;;19;f;no;;students;students;students;;14;6;8;2;2;1;1;2;1;1;3;1;;
german_students;;20;m;no;;students;students;students;;12;5;7;1;2;1;2;1;1;1;2;1;;
german_students;;20;f;no;;students;students;students;;24;7;17;1;3;1;4;5;2;2;5;1;;
german_students;;21;f;no;;students;students;students;;23;7;16;1;3;2;4;4;1;1;5;2;;
german_students;;20;m;no;;students;students;students;;15;6;9;2;1;1;4;2;1;1;2;1;;
german_students;;30;f;no;;students;students;students;;15;5;10;1;2;1;2;3;1;1;3;1;;
german_students;;28;m;no;;students;students;students;;16;6;10;1;2;1;2;3;1;1;3;2;;
german_students;;20;f;no;;students;students;students;;10;5;5;1;2;1;1;1;1;1;1;1;;
german_students;;21;m;no;;students;students;students;;11;5;6;1;1;1;2;1;1;1;2;1;;
german_students;;24;m;no;;students;students;students;;12;5;7;1;2;1;2;2;1;1;1;1;;
german_students;;31;f;no;;students;students;students;;13;5;8;1;2;1;1;2;1;1;3;1;;
german_students;;19;m;no;;students;students;students;;16;7;9;2;2;1;3;1;1;1;3;2;;
german_students;;19;m;no;;students;students;students;;19;5;14;1;4;1;4;2;1;1;4;1;;
german_students;;23;f;no;;students;students;students;;25;12;13;2;2;3;3;4;1;3;4;3;;
german_students;;24;f;no;;students;students;students;;15;6;9;2;3;1;2;1;1;1;3;1;;
german_students;;23;f;no;;students;students;students;;33;14;19;5;5;3;5;4;2;2;5;2;;
german_students;;24;f;no;;students;students;students;;15;6;9;1;2;2;3;1;1;1;3;1;;
german_students;;20;f;no;;students;students;students;;12;5;7;1;2;1;2;1;1;1;2;1;;
german_students;;34;f;no;;students;students;students;;13;5;8;1;2;1;2;1;1;1;3;1;;
german_students;;19;f;no;;students;students;students;;22;8;14;2;3;2;3;4;2;1;4;1;;
german_students;;23;f;no;;students;students;students;;25;11;14;1;2;2;3;4;3;2;5;3;;
german_students;;22;f;no;;students;students;students;;14;5;9;1;3;1;3;1;1;1;2;1;;
german_students;;35;f;no;;students;students;students;;34;15;19;3;5;3;5;4;3;2;5;4;;
german_students;;26;f;no;;students;students;students;;11;5;6;1;1;1;1;1;1;1;3;1;;
german_students;;21;m;no;;students;students;students;;11;5;6;1;1;1;1;2;1;1;2;1;;
german_students;;21;f;no;;students;students;students;;36;19;17;3;4;5;5;4;3;5;4;3;;
german_students;;20;f;no;;students;students;students;;10;5;5;1;1;1;1;1;1;1;2;1;;
german_students;;19;f;no;;students;students;students;;12;5;7;1;2;1;2;1;1;1;2;1;;
german_students;;21;f;no;;students;students;students;;20;6;14;2;5;1;5;1;1;1;3;1;;
german_students;;27;m;no;;students;students;students;;15;5;10;1;1;1;3;2;1;1;4;1;;
german_students;;35;m;no;;students;students;students;;14;5;9;1;2;1;3;1;1;1;3;1;;
german_students;;20;f;no;;students;students;students;;18;5;13;1;3;1;4;2;1;1;4;1;;
german_students;;21;f;no;;students;students;students;;18;7;11;2;3;2;3;2;1;1;3;1;;
german_students;;19;f;no;;students;students;students;;13;5;8;1;2;1;2;2;1;1;2;1;;
german_students;;32;f;no;;students;students;students;;15;6;9;1;2;2;2;2;1;1;3;1;;
german_students;;26;f;no;;students;students;students;;16;5;11;1;2;1;3;3;1;1;3;1;;
german_students;;19;m;no;;students;students;students;;10;5;5;1;2;1;1;1;1;1;1;1;;
german_students;;22;f;no;;students;students;students;;14;5;9;1;2;1;2;2;1;1;3;1;;
german_students;;25;f;no;;students;students;students;;15;5;10;1;2;1;3;1;1;1;4;1;;
german_students;;23;f;no;;students;students;students;;20;10;10;2;3;2;3;2;2;2;2;2;;
german_students;;19;f;no;;students;students;students;;12;6;6;2;1;1;1;1;1;1;3;1;;
german_students;;20;f;no;;students;students;students;;28;13;15;4;4;3;4;3;2;2;4;2;;
german_students;;24;f;no;;students;students;students;;28;8;20;2;5;1;5;5;1;1;5;3;;
german_students;;21;f;no;;students;students;students;;19;5;14;1;4;1;5;1;1;1;4;1;;
german_students;;21;m;no;;students;students;students;;16;5;11;1;3;1;3;2;1;1;3;1;;
german_students;;21;m;no;;students;students;students;;11;5;6;1;1;1;2;1;1;1;2;1;;
german_students;;26;m;no;;students;students;students;;15;5;10;1;3;1;2;2;1;1;3;1;;
german_students;;21;f;no;;students;students;students;;21;6;15;2;4;1;4;2;1;1;5;1;;
german_students;;19;f;no;;students;students;students;;9;5;4;1;1;1;1;1;1;1;1;1;;
german_students;;20;f;no;;students;students;students;;20;10;10;2;2;3;2;3;2;1;3;2;;
german_students;;26;f;no;;students;students;students;;18;5;13;1;3;1;4;2;1;1;4;1;;
german_students;;22;m;no;;students;students;students;;9;5;4;1;1;1;1;1;1;1;1;1;;
german_students;;26;m;no;;students;students;students;;21;8;13;3;4;2;4;1;1;1;4;1;;
german_students;;25;m;no;;students;students;students;;9;5;4;1;1;1;1;1;1;1;1;1;;
german_students;;20;f;no;;students;students;students;;21;7;14;1;1;1;4;4;1;1;5;3;;
german_students;;24;f;no;;students;students;students;;11;5;6;1;1;1;2;1;1;1;2;1;;
german_students;;19;f;no;;students;students;students;;26;9;17;1;4;3;4;4;2;1;5;2;;
german_students;;21;m;no;;students;students;students;;11;5;6;1;2;1;1;1;1;1;2;1;;
german_students;;18;f;no;;students;students;students;;30;12;18;2;4;3;4;5;2;2;5;3;;
german_students;;21;f;no;;students;students;students;;20;7;13;2;3;2;4;2;1;1;4;1;;
german_students;;23;f;no;;students;students;students;;29;12;17;2;4;3;5;3;2;3;5;2;;
german_students;;19;m;no;;students;students;students;;15;5;10;1;1;1;2;3;1;1;4;1;;
german_students;;23;f;no;;students;students;students;;21;6;15;1;3;2;5;3;1;1;4;1;;
german_students;;24;f;no;;students;students;students;;19;5;14;1;3;1;4;2;1;1;5;1;;
german_students;;19;m;no;;students;students;students;;10;5;5;1;1;1;1;1;1;1;2;1;;
german_students;;21;f;no;;students;students;students;;14;5;9;1;2;1;3;1;1;1;3;1;;
german_students;;23;f;no;;students;students;students;;18;6;12;1;1;2;4;3;1;1;4;1;;
german_students;;29;m;no;;students;students;students;;13;5;8;1;1;1;2;3;1;1;2;1;;
german_students;;22;f;no;;students;students;students;;23;9;14;2;4;2;3;4;1;2;3;2;;
german_students;;21;f;no;;students;students;students;;18;8;10;1;1;1;4;1;2;2;4;2;;
german_students;;20;m;no;;students;students;students;;14;5;9;1;2;1;3;1;1;1;3;1;;
german_students;;20;m;no;;students;students;students;;12;5;7;1;2;1;2;1;1;1;2;1;;
german_students;;22;f;no;;students;students;students;;33;14;19;4;5;3;5;4;2;1;5;4;;
german_students;;27;m;no;;students;students;students;;21;7;14;1;3;1;4;3;1;2;4;2;;
german_students;;20;f;no;;students;students;students;;13;5;8;1;2;1;2;1;1;1;3;1;;
german_students;;21;m;no;;students;students;students;;10;5;5;1;1;1;1;1;1;1;2;1;;
german_students;;21;f;no;;students;students;students;;14;5;9;1;3;1;2;2;1;1;2;1;;
german_students;;36;m;no;;students;students;students;;28;13;15;3;4;3;3;4;2;1;4;4;;
german_students;;26;f;no;;students;students;students;;22;6;16;1;3;1;5;3;1;2;5;1;;
german_students;;23;m;no;;students;students;students;;12;5;7;1;1;1;2;2;1;1;2;1;;
german_students;;33;m;no;;students;students;students;;17;7;10;1;2;1;4;2;1;1;2;3;;
german_students;;23;f;no;;students;students;students;;17;7;10;1;2;2;3;2;1;1;3;2;;
german_students;;20;f;no;;students;students;students;;15;5;10;1;3;1;2;2;1;1;3;1;;
german_students;;20;m;no;;students;students;students;;18;8;10;2;2;1;3;2;2;1;3;2;;
german_students;;23;f;no;;students;students;students;;14;5;9;1;2;1;2;1;1;1;4;1;;
german_students;;20;f;no;;students;students;students;;28;12;16;2;4;2;4;4;2;2;4;4;;
german_students;;24;f;no;;students;students;students;;28;11;17;2;4;4;5;3;1;2;5;2;;
german_students;;26;f;no;;students;students;students;;12;5;7;1;1;1;2;2;1;1;2;1;;
german_students;;21;f;no;;students;students;students;;24;11;13;2;3;3;4;2;1;2;4;3;;
german_students;;26;m;no;;students;students;students;;16;5;11;1;4;1;2;1;1;1;4;1;;
german_students;;25;f;no;;students;students;students;;14;5;9;1;2;1;2;2;1;1;3;1;;
german_students;;20;f;no;;students;students;students;;16;5;11;1;2;1;3;2;1;1;4;1;;
german_students;;28;f;no;;students;students;students;;13;6;7;2;1;1;2;1;1;1;3;1;;
german_students;;24;f;no;;students;students;students;;10;5;5;1;1;1;1;1;1;1;2;1;;
german_students;;24;f;no;;students;students;students;;29;13;16;2;4;4;4;4;3;2;4;2;;
german_students;;26;m;no;;students;students;students;;16;5;11;1;2;1;3;2;1;1;4;1;;
german_students;;20;f;no;;students;students;students;;24;6;18;1;4;1;5;4;1;1;5;2;;
german_students;;25;f;no;;students;students;students;;20;6;14;1;1;1;5;3;1;1;5;2;;
german_students;;20;f;no;;students;students;students;;14;6;8;1;1;1;3;1;1;1;3;2;;
german_students;;20;m;no;;students;students;students;;21;10;11;2;2;1;2;3;2;2;4;3;;
german_students;;25;m;no;;students;students;students;;9;5;4;1;1;1;1;1;1;1;1;1;;
german_students;;20;f;no;;students;students;students;;25;13;12;1;2;3;2;4;3;4;4;2;;
german_students;;22;m;no;;students;students;students;;27;10;17;2;4;2;4;4;1;2;5;3;;
german_students;;19;f;no;;students;students;students;;24;7;17;2;4;1;4;4;1;1;5;2;;
german_students;;27;f;no;;students;students;students;;19;9;10;2;2;2;3;3;2;2;2;1;;
german_students;;21;f;no;;students;students;students;;29;13;16;1;4;3;3;5;2;3;4;4;;
german_students;;20;f;no;;students;students;students;;14;5;9;1;2;1;2;1;1;1;4;1;;
german_students;;25;f;no;;students;students;students;;27;11;16;4;4;2;4;4;1;1;4;3;;
german_students;;22;m;no;;students;students;students;;23;10;13;1;3;4;4;2;1;3;4;1;;
german_students;;18;f;no;;students;students;students;;23;7;16;1;4;2;5;3;1;2;4;1;;
german_students;;22;f;no;;students;students;students;;15;5;10;1;1;1;3;2;1;1;4;1;;
german_students;;22;f;no;;students;students;students;;10;5;5;1;1;1;1;1;1;1;2;1;;
german_students;;23;m;no;;students;students;students;;10;5;5;1;1;1;1;1;1;1;2;1;;
german_students;;19;m;no;;students;students;students;;22;10;12;1;3;3;3;2;1;2;4;3;;
german_students;;24;f;no;;students;students;students;;23;9;14;3;3;2;4;3;1;1;4;2;;
german_students;;21;m;no;;students;students;students;;19;9;10;3;3;2;2;3;1;1;2;2;;
german_students;;28;f;no;;students;students;students;;9;5;4;1;1;1;1;1;1;1;1;1;;
german_students;;37;f;no;;students;students;students;;16;5;11;1;2;1;4;2;1;1;3;1;;
german_students;;20;m;no;;students;students;students;;10;5;5;1;1;1;1;1;1;1;2;1;;
german_students;;24;f;no;;students;students;students;;17;6;11;2;3;1;4;1;1;1;3;1;;
german_students;;22;f;no;;students;students;students;;21;6;15;1;3;1;4;4;1;1;4;2;;
german_students;;25;f;no;;students;students;students;;21;5;16;1;4;1;4;3;1;1;5;1;;
german_students;;25;f;no;;students;students;students;;30;13;17;3;5;3;3;4;2;3;5;2;;
german_students;;21;f;no;;students;students;students;;16;7;9;1;3;2;2;1;1;1;3;2;;
german_students;;23;m;no;;students;students;students;;13;5;8;1;2;1;3;1;1;1;2;1;;
german_students;;23;f;no;;students;students;students;;18;6;12;2;2;1;2;4;1;1;4;1;;
german_students;;28;m;no;;students;students;students;;9;5;4;1;1;1;1;1;1;1;1;1;;
german_students;;23;f;no;;students;students;students;;20;6;14;1;3;2;4;2;1;1;5;1;;
german_students;;37;f;no;;students;students;students;;21;10;11;2;2;1;3;2;2;2;4;3;;
german_students;;20;f;no;;students;students;students;;12;5;7;1;1;1;1;2;1;1;3;1;;
german_students;;23;m;no;;students;students;students;;17;6;11;1;2;1;3;3;1;2;3;1;;
german_students;;18;m;no;;students;students;students;;19;9;10;2;2;1;2;2;2;2;4;2;;
german_students;;26;m;no;;students;students;students;;13;5;8;1;2;1;2;1;1;1;3;1;;
german_students;;19;f;no;;students;students;students;;16;7;9;2;1;1;2;3;1;1;3;2;;
german_students;;23;f;no;;students;students;students;;14;5;9;1;1;1;2;2;1;1;4;1;;
german_students;;20;m;no;;students;students;students;;11;6;5;1;1;1;1;1;1;2;2;1;;
german_students;;26;f;no;;students;students;students;;9;5;4;1;1;1;1;1;1;1;1;1;;
german_students;;19;m;no;;students;students;students;;14;5;9;1;2;1;2;2;1;1;3;1;;
german_students;;30;m;no;;students;students;students;;19;5;14;1;2;1;3;5;1;1;4;1;;
german_students;;22;f;no;;students;students;students;;17;7;10;1;2;1;3;2;1;1;3;3;;
german_students;;21;f;no;;students;students;students;;15;7;8;1;3;2;2;1;1;1;2;2;;
german_students;;23;f;no;;students;students;students;;29;14;15;3;3;2;4;3;2;4;5;3;;
german_students;;24;f;no;;students;students;students;;11;5;6;1;1;1;2;1;1;1;2;1;;
german_students;;22;f;no;;students;students;students;;24;10;14;2;3;2;4;2;2;2;5;2;;
german_students;;25;m;no;;students;students;students;;13;5;8;1;2;1;2;1;1;1;3;1;;
german_students;;20;f;no;;students;students;students;;14;6;8;1;2;2;2;2;1;1;2;1;;
german_students;;20;f;no;;students;students;students;;13;5;8;1;1;1;3;1;1;1;3;1;;
german_students;;20;f;no;;students;students;students;;21;6;15;1;4;1;3;3;1;1;5;2;;
german_students;;29;f;no;;students;students;students;;12;5;7;1;1;1;2;2;1;1;2;1;;
german_students;;20;f;no;;students;students;students;;23;5;18;1;3;1;5;5;1;1;5;1;;
german_students;;21;m;no;;students;students;students;;25;12;13;3;2;1;4;3;2;2;4;4;;
german_students;;28;f;no;;students;students;students;;21;7;14;1;3;2;4;3;1;1;4;2;;
german_students;;24;f;no;;students;students;students;;27;13;14;1;3;3;4;3;3;3;4;3;;
german_students;;24;f;no;;students;students;students;;12;5;7;1;1;1;1;3;1;1;2;1;;
german_students;;22;f;no;;students;students;students;;11;5;6;1;2;1;1;1;1;1;2;1;;
german_students;;19;f;no;;students;students;students;;20;6;14;1;3;2;4;3;1;1;4;1;;
german_students;;22;f;no;;students;students;students;;23;6;17;1;4;1;4;4;1;1;5;2;;
german_students;;21;f;no;;students;students;students;;10;5;5;1;2;1;1;1;1;1;1;1;;
german_students;;20;m;no;;students;students;students;;11;5;6;1;1;1;2;1;1;1;2;1;;
german_students;;23;f;no;;students;students;students;;16;5;11;1;2;1;3;2;1;1;4;1;;
german_students;;23;m;no;;students;students;students;;27;9;18;1;5;2;5;4;2;2;4;2;;
german_students;;24;m;no;;students;students;students;;15;5;10;1;1;1;2;3;1;1;4;1;;
german_students;;20;f;no;;students;students;students;;18;8;10;2;2;1;3;2;2;1;3;2;;
german_students;;21;f;no;;students;students;students;;25;11;14;2;3;3;4;3;2;2;4;2;;
german_students;;22;f;no;;students;students;students;;23;8;15;1;4;3;4;3;1;2;4;1;;
german_students;;20;f;no;;students;students;students;;25;10;15;2;3;2;4;4;2;2;4;2;;
german_students;;20;f;no;;students;students;students;;28;14;14;5;2;4;4;3;3;1;5;1;;
german_students;;23;m;no;;students;students;students;;11;5;6;1;1;1;2;1;1;1;2;1;;
german_students;;25;f;no;;students;students;students;;13;5;8;1;2;1;2;1;1;1;3;1;;
german_students;;22;f;no;;students;students;students;;19;6;13;1;2;1;4;3;1;1;4;2;;
german_students;;23;f;no;;students;students;students;;32;13;19;2;4;4;5;5;1;3;5;3;;
german_students;;25;f;no;;students;students;students;;26;11;15;3;4;2;4;3;2;2;4;2;;
german_students;;26;m;no;;students;students;students;;22;7;15;2;4;1;4;3;1;1;4;2;;
german_students;;19;m;no;;students;students;students;;11;6;5;2;1;1;1;1;1;1;2;1;;
german_students;;20;f;no;;students;students;students;;15;5;10;1;2;1;2;2;1;1;4;1;;
german_students;;21;f;no;;students;students;students;;19;8;11;2;2;2;3;3;1;1;3;2;;
german_students;;22;f;no;;students;students;students;;20;8;12;2;3;1;2;3;1;1;4;3;;
german_students;;20;f;no;;students;students;students;;36;19;17;5;5;5;5;2;3;3;5;3;;
german_students;;24;f;no;;students;students;students;;29;11;18;4;4;4;5;4;1;1;5;1;;
german_students;;25;f;no;;students;students;students;;14;5;9;1;1;1;2;2;1;1;4;1;;
german_students;;20;m;no;;students;students;students;;18;6;12;1;3;1;2;4;1;1;3;2;;
german_students;;19;f;no;;students;students;students;;9;5;4;1;1;1;1;1;1;1;1;1;;
german_students;;22;f;no;;students;students;students;;33;14;19;2;4;4;5;5;2;4;5;2;;
german_students;;25;f;no;;students;students;students;;20;7;13;1;3;1;3;3;1;1;4;3;;
german_students;;24;f;no;;students;students;students;;15;5;10;1;2;1;2;3;1;1;3;1;;
german_students;;25;f;no;;students;students;students;;26;11;15;3;4;3;4;2;1;1;5;3;;
german_students;;24;f;no;;students;students;students;;14;5;9;1;3;1;3;2;1;1;1;1;;
german_students;;21;f;no;;students;students;students;;16;5;11;1;2;1;2;3;1;1;4;1;;
german_students;;21;m;no;;students;students;students;;12;6;6;1;1;1;2;1;2;1;2;1;;
german_students;;18;f;no;;students;students;students;;27;15;12;3;3;3;3;3;3;3;3;3;;
german_students;;21;f;no;;students;students;students;;14;5;9;1;2;1;3;1;1;1;3;1;;
german_students;;30;f;no;;students;students;students;;25;11;14;3;3;3;3;3;1;1;5;3;;
german_students;;23;f;no;;students;students;students;;17;7;10;2;3;1;2;2;1;1;3;2;;
german_students;;25;f;no;;students;students;students;;11;5;6;1;1;1;2;1;1;1;2;1;;
german_students;;20;f;no;;students;students;students;;27;11;16;1;3;4;5;4;1;1;4;4;;
german_students;;20;f;no;;students;students;students;;30;14;16;2;4;3;4;3;3;3;5;3;;
german_students;;30;f;no;;students;students;students;;16;7;9;1;1;1;3;2;2;2;3;1;;
german_students;;34;m;no;;students;students;students;;29;13;16;3;4;3;4;3;2;2;5;3;;
german_students;;21;f;no;;students;students;students;;21;9;12;2;3;2;3;2;1;1;4;3;;
german_students;;22;f;no;;students;students;students;;22;7;15;2;5;2;4;1;1;1;5;1;;
german_students;;19;f;no;;students;students;students;;24;9;15;2;3;3;4;3;1;2;5;1;;
german_students;;25;f;no;;students;students;students;;26;10;16;3;3;4;5;4;1;1;4;1;;
german_students;;19;f;no;;students;students;students;;16;7;9;2;3;1;2;1;1;1;3;2;;
german_students;;23;f;no;;students;students;students;;13;6;7;2;2;1;2;1;1;1;2;1;;
german_students;;20;m;no;;students;students;students;;14;5;9;1;2;1;2;2;1;1;3;1;;
german_students;;21;f;no;;students;students;students;;30;12;18;3;4;2;5;4;2;2;5;3;;
german_students;;22;f;no;;students;students;students;;17;6;11;2;2;1;3;2;1;1;4;1;;
german_students;;20;f;no;;students;students;students;;19;6;13;1;3;1;3;3;1;1;4;2;;
german_students;;23;f;no;;students;students;students;;16;7;9;1;2;1;3;1;2;2;3;1;;
german_students;;21;f;no;;students;students;students;;17;5;12;1;3;1;2;3;1;1;4;1;;
german_students;;28;f;no;;students;students;students;;14;5;9;1;2;1;2;2;1;1;3;1;;
german_students;;21;m;no;;students;students;students;;21;9;12;1;2;2;3;3;2;2;4;2;;
german_students;;22;f;no;;students;students;students;;13;5;8;1;1;1;2;2;1;1;3;1;;
german_students;;26;m;no;;students;students;students;;12;5;7;1;2;1;3;1;1;1;1;1;;
german_students;;23;f;no;;students;students;students;;22;10;12;1;2;2;3;3;2;2;4;3;;
german_students;;21;f;no;;students;students;students;;23;10;13;3;2;2;2;5;1;2;4;2;;
german_students;;21;f;no;;students;students;students;;13;5;8;1;2;1;2;2;1;1;2;1;;
german_students;;23;f;no;;students;students;students;;18;8;10;2;2;2;2;3;1;1;3;2;;
german_students;;24;m;no;;students;students;students;;19;5;14;1;4;1;3;2;1;1;5;1;;
german_students;;24;f;no;;students;students;students;;22;6;16;1;3;1;4;4;1;1;5;2;;
german_students;;24;f;no;;students;students;students;;21;5;16;1;3;1;4;4;1;1;5;1;;
german_students;;21;f;no;;students;students;students;;25;8;17;2;3;1;4;5;1;1;5;3;;
german_students;;20;f;no;;students;students;students;;21;5;16;1;5;1;5;2;1;1;4;1;;
german_students;;24;f;no;;students;students;students;;26;12;14;4;3;4;2;5;1;1;4;2;;
german_students;;19;f;no;;students;students;students;;18;7;11;1;2;1;3;2;1;1;4;3;;
german_students;;18;f;no;;students;students;students;;12;5;7;1;1;1;2;1;1;1;3;1;;
german_students;;19;m;no;;students;students;students;;17;5;12;1;2;1;3;3;1;1;4;1;;
german_students;;21;f;no;;students;students;students;;22;9;13;1;3;2;3;3;2;2;4;2;;
german_students;;24;m;no;;students;students;students;;9;5;4;1;1;1;1;1;1;1;1;1;;
german_students;;23;f;no;;students;students;students;;16;6;10;1;2;1;2;3;1;2;3;1;;
german_students;;25;m;no;;students;students;students;;12;5;7;1;2;1;2;1;1;1;2;1;;
german_students;;24;m;no;;students;students;students;;11;5;6;1;1;1;2;1;1;1;2;1;;
german_students;;27;m;no;;students;students;students;;45;25;20;5;5;5;5;5;5;5;5;5;;
german_students;;21;f;no;;students;students;students;;35;19;16;3;3;5;4;4;5;4;5;2;;
german_students;;23;m;no;;students;students;students;;17;5;12;1;3;1;4;1;1;1;4;1;;
german_students;;29;f;no;;students;students;students;;20;5;15;1;4;1;4;3;1;1;4;1;;
german_students;;25;f;no;;students;students;students;;29;15;14;3;3;3;5;3;3;3;3;3;;
german_students;;26;m;no;;students;students;students;;12;5;7;1;2;1;2;1;1;1;2;1;;
german_students;;29;f;no;;students;students;students;;20;10;10;2;2;2;3;2;2;2;3;2;;
german_students;;26;f;no;;students;students;students;;17;7;10;3;2;1;3;1;1;1;4;1;;
german_students;;24;f;no;;students;students;students;;25;10;15;1;3;2;4;4;1;4;4;2;;
german_students;;24;m;no;;students;students;students;;12;6;6;1;1;1;1;2;1;1;2;2;;
german_students;;19;f;no;;students;students;students;;11;5;6;1;1;1;2;1;1;1;2;1;;
german_students;;27;f;no;;students;students;students;;9;5;4;1;1;1;1;1;1;1;1;1;;
german_students;;20;f;no;;students;students;students;;11;5;6;1;2;1;2;1;1;1;1;1;;
german_students;;21;f;no;;students;students;students;;16;5;11;1;2;1;2;3;1;1;4;1;;
german_students;;20;f;no;;students;students;students;;23;10;13;3;3;1;3;3;4;1;4;1;;
german_students;;20;f;no;;students;students;students;;23;8;15;1;4;1;4;3;4;1;4;1;;
german_students;;20;f;no;;students;students;students;;32;12;20;1;5;3;5;5;2;3;5;3;;
german_students;;27;f;no;;students;students;students;;11;6;5;1;1;1;1;1;2;1;2;1;;
german_students;;25;f;no;;students;students;students;;27;11;16;2;3;3;4;4;2;2;5;2;;
german_students;;19;f;no;;students;students;students;;21;5;16;1;3;1;5;4;1;1;4;1;;
german_students;;25;f;no;;students;students;students;;22;9;13;3;2;2;4;3;1;1;4;2;;
german_students;;22;f;no;;students;students;students;;11;5;6;1;1;1;2;1;1;1;2;1;;
german_students;;25;f;no;;students;students;students;;14;5;9;1;1;1;3;2;1;1;3;1;;
german_students;;22;f;no;;students;students;students;;13;5;8;1;1;1;3;2;1;1;2;1;;
german_students;;23;f;no;;students;students;students;;29;11;18;3;5;2;5;3;2;2;5;2;;
german_students;;27;f;no;;students;students;students;;26;12;14;2;2;3;4;3;2;2;5;3;;
german_students;;23;f;no;;students;students;students;;19;5;14;1;4;1;5;1;1;1;4;1;;
german_students;;24;f;no;;students;students;students;;24;8;16;3;4;2;4;5;1;1;3;1;;
german_students;;20;f;no;;students;students;students;;23;6;17;1;4;1;5;3;1;1;5;2;;
german_students;;23;f;no;;students;students;students;;25;11;14;3;3;3;3;3;1;1;5;3;;
german_students;;21;f;no;;students;students;students;;12;5;7;1;1;1;1;2;1;1;3;1;;
german_students;;23;f;no;;students;students;students;;12;5;7;1;1;1;2;3;1;1;1;1;;
german_students;;21;f;no;;students;students;students;;18;5;13;1;1;1;5;2;1;1;5;1;;
german_students;;26;m;no;;students;students;students;;16;5;11;1;2;1;3;3;1;1;3;1;;
german_students;;25;f;no;;students;students;students;;18;7;11;1;3;1;3;1;1;3;4;1;;
german_students;;24;f;no;;students;students;students;;21;6;15;2;4;1;4;4;1;1;3;1;;
german_students;;21;m;no;;students;students;students;;20;7;13;3;4;1;3;2;1;1;4;1;;
german_students;;23;f;no;;students;students;students;;10;5;5;1;1;1;1;1;1;1;2;1;;
german_students;;22;f;no;;students;students;students;;27;9;18;1;5;2;5;3;2;2;5;2;;
german_students;;22;f;no;;students;students;students;;16;5;11;1;2;1;4;2;1;1;3;1;;
german_students;;32;f;no;;students;students;students;;26;12;14;2;2;2;4;3;3;2;5;3;;
german_students;;24;f;no;;students;students;students;;18;6;12;1;4;2;2;3;1;1;3;1;;
german_students;;19;m;no;;students;students;students;;15;5;10;1;2;1;2;3;1;1;3;1;;
german_students;;23;m;no;;students;students;students;;22;5;17;1;4;1;4;4;1;1;5;1;;
german_students;;24;f;no;;students;students;students;;23;6;17;1;3;1;5;4;1;1;5;2;;
german_students;;29;f;no;;students;students;students;;25;10;15;3;3;1;4;4;2;1;4;3;;
german_students;;52;f;no;;students;students;students;;20;8;12;1;3;2;3;2;1;1;4;3;;
german_students;;20;f;no;;students;students;students;;32;12;20;1;5;4;5;5;2;1;5;4;;
german_students;;20;f;no;;students;students;students;;14;5;9;1;2;1;2;2;1;1;3;1;;
german_students;;24;m;no;;students;students;students;;18;10;8;2;2;2;2;2;2;2;2;2;;
german_students;;23;f;no;;students;students;students;;20;6;14;2;3;1;2;4;1;1;5;1;;
german_students;;24;f;no;;students;students;students;;22;9;13;4;3;1;4;1;1;2;5;1;;
german_students;;19;f;no;;students;students;students;;19;8;11;2;3;2;3;2;2;1;3;1;;
german_students;;20;f;no;;students;students;students;;18;6;12;1;3;2;3;2;1;1;4;1;;
german_students;;19;f;no;;students;students;students;;21;9;12;2;3;2;3;2;1;2;4;2;;
german_students;;21;f;no;;students;students;students;;21;6;15;2;3;1;5;2;1;1;5;1;;
german_students;;34;f;no;;students;students;students;;26;9;17;1;5;1;5;2;2;1;5;4;;
german_students;;24;f;no;;students;students;students;;29;14;15;3;4;4;4;4;3;1;3;3;;
german_students;;21;f;no;;students;students;students;;14;5;9;1;2;1;2;2;1;1;3;1;;
german_students;;34;f;no;;students;students;students;;25;10;15;2;4;2;4;3;2;2;4;2;;
german_students;;20;f;no;;students;students;students;;9;5;4;1;1;1;1;1;1;1;1;1;;
german_students;;21;f;no;;students;students;students;;18;7;11;1;3;1;2;2;1;2;4;2;;
german_students;;23;m;no;;students;students;students;;22;8;14;1;2;2;3;4;2;2;5;1;;
german_students;;26;m;no;;students;students;students;;13;5;8;1;3;1;2;1;1;1;2;1;;
german_students;;25;f;no;;students;students;students;;22;9;13;1;4;2;2;3;2;3;4;1;;
german_students;;20;m;no;;students;students;students;;9;5;4;1;1;1;1;1;1;1;1;1;;
german_students;;23;f;no;;students;students;students;;18;5;13;1;4;1;3;1;1;1;5;1;;
german_students;;21;f;no;;students;students;students;;14;5;9;1;3;1;1;1;1;1;4;1;;
german_students;;22;f;no;;students;students;students;;12;5;7;1;3;1;1;1;1;1;2;1;;
german_students;;29;m;no;;students;students;students;;12;5;7;1;2;1;2;1;1;1;2;1;;
german_students;;33;m;no;;students;students;students;;16;6;10;2;2;1;3;1;1;1;4;1;;
german_students;;26;f;no;;students;students;students;;19;10;9;3;2;1;2;3;2;3;2;1;;
german_students;;23;f;no;;students;students;students;;26;9;17;1;4;4;5;3;1;1;5;2;;
german_students;;26;m;no;;students;students;students;;22;7;15;2;4;1;4;3;1;1;4;2;;
german_students;;27;f;no;;students;students;students;;30;14;16;2;4;3;5;3;5;2;4;2;;
german_students;;25;m;no;;students;students;students;;13;5;8;1;2;1;2;1;1;1;3;1;;
german_students;;22;f;no;;students;students;students;;37;17;20;5;5;3;5;5;2;3;5;4;;
german_students;;27;f;no;;students;students;students;;17;7;10;3;3;1;3;1;1;1;3;1;;
german_students;;22;f;no;;students;students;students;;10;5;5;1;1;1;1;1;1;1;2;1;;
german_students;;26;m;no;;students;students;students;;12;5;7;1;2;1;1;2;1;1;2;1;;
german_students;;25;f;no;;students;students;students;;22;10;12;1;1;2;4;3;2;1;4;4;;
german_students;;22;f;no;;students;students;students;;27;10;17;3;4;3;4;4;1;1;5;2;;
german_students;;22;f;no;;students;students;students;;14;6;8;1;2;2;2;2;1;1;2;1;;
german_students;;21;f;no;;students;students;students;;19;10;9;1;1;4;3;2;2;2;3;1;;
german_students;;21;f;no;;students;students;students;;21;7;14;2;3;1;3;4;1;1;4;2;;
german_students;;28;f;no;;students;students;students;;21;9;12;2;3;2;3;2;2;2;4;1;;
german_teaching_staff;german_teaching_staff;32;f;yes;no;no;;no;in-service;13;5;8;1;2;1;2;2;1;1;2;1;4;4
german_teaching_staff;german_teaching_staff;30;f;yes;yes;yes;yes;;in-service;18;8;10;1;2;1;2;3;2;2;3;2;4;4
german_teaching_staff;german_teaching_staff;32;f;yes;yes;yes;yes;;in-service;19;9;10;2;2;4;4;2;1;1;2;1;5;5
german_teaching_staff;german_teaching_staff;28;f;yes;yes;yes;yes;;in-service;18;7;11;1;3;2;3;1;1;1;4;2;5;5
german_teaching_staff;german_teaching_staff;50;f;yes;no;no;;no;in-service;14;6;8;1;2;1;2;2;1;1;2;2;3;3
german_teaching_staff;german_teaching_staff;32;f;yes;yes;yes;yes;;in-service;15;6;9;1;1;2;3;2;1;1;3;1;5;5
german_teaching_staff;german_teaching_staff;31;m;yes;no;no;;no;in-service;20;9;11;1;2;2;3;3;2;2;3;2;4;3
german_teaching_staff;german_teaching_staff;23;m;yes;no;no;;no;pre-service;16;5;11;1;3;1;3;1;1;1;4;1;3;3
german_teaching_staff;german_teaching_staff;22;f;yes;no;no;;no;pre-service;29;9;20;1;5;3;5;5;3;1;5;1;;
german_teaching_staff;german_teaching_staff;23;f;yes;no;no;;no;pre-service;16;6;10;1;2;2;3;3;1;1;2;1;5;4
german_teaching_staff;german_teaching_staff;25;f;yes;yes;yes;yes;;pre-service;18;6;12;1;2;1;3;3;1;1;4;2;5;4
german_teaching_staff;german_teaching_staff;20;m;yes;yes;yes;yes;;in-service;11;5;6;1;2;1;1;1;1;1;2;1;5;4
german_teaching_staff;german_teaching_staff;23;f;yes;no;no;;no;pre-service;23;6;17;1;3;1;5;4;2;1;5;1;5;4
german_teaching_staff;german_teaching_staff;19;f;yes;yes;yes;yes;;pre-service;26;13;13;1;3;3;2;4;3;3;4;3;;
german_teaching_staff;german_teaching_staff;22;f;yes;yes;yes;yes;;pre-service;19;8;11;1;1;2;3;3;2;1;4;2;5;4
german_teaching_staff;german_teaching_staff;23;f;yes;yes;yes;yes;;in-service;20;6;14;1;2;1;4;3;1;1;5;2;4;4
german_teaching_staff;german_teaching_staff;27;f;yes;yes;yes;yes;;pre-service;15;5;10;1;3;1;2;1;1;1;4;1;5;5
german_teaching_staff;german_teaching_staff;24;f;yes;yes;yes;yes;;pre-service;13;5;8;1;2;1;2;1;1;1;3;1;5;4
german_teaching_staff;german_teaching_staff;22;f;yes;no;no;;no;pre-service;14;5;9;1;2;1;3;1;1;1;3;1;;
german_teaching_staff;german_teaching_staff;42;f;yes;no;no;;no;pre-service;18;9;9;1;1;3;3;2;1;2;3;2;5;4
german_teaching_staff;german_teaching_staff;23;f;yes;yes;yes;yes;;pre-service;18;5;13;1;4;1;2;3;1;1;4;1;5;5
german_teaching_staff;german_teaching_staff;22;f;yes;no;no;;no;pre-service;33;13;20;4;5;2;5;5;1;2;5;4;1;2
german_teaching_staff;german_teaching_staff;23;f;yes;yes;yes;yes;;pre-service;15;8;7;3;1;1;2;1;2;1;3;1;5;4
german_teaching_staff;german_teaching_staff;25;f;yes;no;no;;no;pre-service;34;19;15;2;4;5;4;2;2;5;5;5;;
german_teaching_staff;german_teaching_staff;20;f;yes;no;no;;no;in-service;25;10;15;2;4;3;4;3;1;1;4;3;;
german_teaching_staff;german_teaching_staff;23;f;yes;no;no;;no;pre-service;19;6;13;2;2;1;3;4;1;1;4;1;;
german_teaching_staff;german_teaching_staff;23;f;yes;yes;yes;yes;;in-service;29;11;18;2;3;4;5;5;2;2;5;1;2;3
german_teaching_staff;german_teaching_staff;24;f;yes;no;no;;no;pre-service;37;20;17;4;4;5;4;4;3;4;5;4;5;3
german_teaching_staff;german_teaching_staff;21;m;yes;yes;yes;yes;;pre-service;17;6;11;2;3;1;3;2;1;1;3;1;4;3
german_teaching_staff;german_teaching_staff;24;f;yes;yes;yes;yes;;pre-service;24;8;16;1;4;4;5;2;1;1;5;1;5;4
german_teaching_staff;german_teaching_staff;21;f;yes;no;no;;no;pre-service;30;10;20;1;5;3;5;5;2;2;5;2;;
german_teaching_staff;german_teaching_staff;20;f;yes;yes;yes;yes;;pre-service;24;8;16;2;4;2;4;3;1;1;5;2;;
german_teaching_staff;german_teaching_staff;31;f;yes;yes;yes;yes;;pre-service;20;7;13;2;2;2;4;3;1;1;4;1;4;3
german_teaching_staff;german_teaching_staff;19;f;yes;yes;yes;yes;;pre-service;25;9;16;1;4;2;4;3;2;2;5;2;;
german_teaching_staff;german_teaching_staff;22;f;yes;no;no;;no;pre-service;23;6;17;2;5;1;4;3;1;1;5;1;;
german_teaching_staff;german_teaching_staff;20;f;yes;no;no;;no;pre-service;21;7;14;1;3;1;3;3;1;1;5;3;1;2
german_teaching_staff;german_teaching_staff;25;f;yes;no;no;;no;pre-service;32;15;17;3;3;4;4;5;2;4;5;2;;
german_teaching_staff;german_teaching_staff;25;f;yes;yes;yes;yes;;pre-service;22;7;15;2;4;2;4;3;1;1;4;1;3;4
german_teaching_staff;german_teaching_staff;21;f;yes;yes;yes;yes;;pre-service;25;10;15;3;4;3;4;3;1;2;4;1;;
german_teaching_staff;german_teaching_staff;23;f;yes;no;no;;no;pre-service;21;8;13;1;2;2;3;3;1;2;5;2;;
german_teaching_staff;german_teaching_staff;22;f;yes;yes;yes;yes;;in-service;21;6;15;1;4;2;4;2;1;1;5;1;4;3
german_teaching_staff;german_teaching_staff;22;f;yes;yes;yes;yes;;pre-service;17;7;10;2;3;1;2;2;1;1;3;2;4;4
german_teaching_staff;german_teaching_staff;30;f;yes;yes;yes;yes;;pre-service;24;8;16;3;2;1;5;4;1;1;5;2;4;3
german_teaching_staff;german_teaching_staff;25;f;yes;yes;yes;yes;;in-service;19;7;12;3;3;1;3;3;1;1;3;1;5;4
german_teaching_staff;german_teaching_staff;24;f;yes;yes;yes;yes;;in-service;9;5;4;1;1;1;1;1;1;1;1;1;5;5
german_teaching_staff;german_teaching_staff;23;f;yes;no;no;;no;pre-service;11;5;6;1;1;1;2;1;1;1;2;1;3;3
german_teaching_staff;german_teaching_staff;23;m;yes;yes;yes;yes;;pre-service;14;5;9;1;3;1;2;1;1;1;3;1;4;5
german_teaching_staff;german_teaching_staff;23;f;yes;yes;yes;yes;;pre-service;10;5;5;1;2;1;1;1;1;1;1;1;5;5
german_teaching_staff;german_teaching_staff;23;f;yes;no;no;;no;pre-service;22;7;15;2;4;2;4;3;1;1;4;1;;
german_teaching_staff;german_teaching_staff;22;f;yes;yes;yes;yes;;pre-service;23;10;13;1;3;2;3;3;2;2;4;3;4;4
german_teaching_staff;german_teaching_staff;23;f;yes;no;no;;no;pre-service;23;9;14;3;4;2;4;1;1;1;5;2;4;4
german_teaching_staff;german_teaching_staff;19;f;yes;no;no;;no;pre-service;28;17;11;5;4;3;2;3;4;3;2;2;;
german_teaching_staff;german_teaching_staff;19;f;yes;no;no;;no;pre-service;19;6;13;1;3;2;2;3;1;1;5;1;;
german_teaching_staff;german_teaching_staff;24;f;yes;no;no;;no;pre-service;14;5;9;1;2;1;2;2;1;1;3;1;;
german_teaching_staff;german_teaching_staff;21;f;yes;yes;yes;yes;;pre-service;18;6;12;1;3;2;3;3;1;1;3;1;5;3
german_teaching_staff;german_teaching_staff;24;f;yes;yes;yes;yes;;pre-service;28;9;19;3;5;1;5;4;2;1;5;2;;
german_teaching_staff;german_teaching_staff;25;f;yes;no;no;;no;pre-service;16;5;11;1;4;1;3;2;1;1;2;1;;
german_teaching_staff;german_teaching_staff;21;f;yes;no;no;;no;pre-service;25;8;17;1;4;1;5;3;2;3;5;1;3;3
german_teaching_staff;german_teaching_staff;21;m;yes;yes;yes;yes;;pre-service;9;5;4;1;1;1;1;1;1;1;1;1;5;5
german_teaching_staff;german_teaching_staff;36;m;yes;yes;yes;yes;;pre-service;23;9;14;1;3;2;3;3;3;1;5;2;4;3
german_teaching_staff;german_teaching_staff;21;f;yes;yes;yes;yes;;pre-service;26;10;16;2;3;2;4;4;2;2;5;2;4;
german_teaching_staff;german_teaching_staff;22;f;yes;yes;yes;yes;;pre-service;20;5;15;1;3;1;5;2;1;1;5;1;5;5
german_teaching_staff;german_teaching_staff;21;f;yes;no;no;;no;pre-service;21;6;15;1;4;2;5;1;1;1;5;1;;
german_teaching_staff;german_teaching_staff;23;f;yes;yes;yes;yes;;pre-service;20;8;12;3;3;2;2;3;1;1;4;1;5;4
german_teaching_staff;german_teaching_staff;21;f;yes;yes;yes;yes;;in-service;15;5;10;1;3;1;3;1;1;1;3;1;4;3
german_teaching_staff;german_teaching_staff;21;f;yes;yes;yes;yes;;pre-service;23;7;16;2;3;2;4;4;1;1;5;1;4;3
german_teaching_staff;german_teaching_staff;30;f;yes;yes;yes;yes;;pre-service;13;5;8;1;2;1;2;1;1;1;3;1;5;4
german_teaching_staff;german_teaching_staff;20;f;yes;yes;yes;yes;;pre-service;20;5;15;1;5;1;3;2;1;1;5;1;5;4
german_teaching_staff;german_teaching_staff;22;f;yes;no;no;;no;pre-service;27;11;16;1;3;2;4;4;2;2;5;4;5;4
german_teaching_staff;german_teaching_staff;21;m;yes;yes;yes;yes;;in-service;21;7;14;1;3;2;4;2;2;1;5;1;4;4
german_teaching_staff;german_teaching_staff;21;f;yes;yes;yes;yes;;pre-service;19;5;14;1;3;1;4;3;1;1;4;1;5;5
german_teaching_staff;german_teaching_staff;21;f;yes;yes;yes;yes;;pre-service;24;8;16;1;4;2;4;3;1;2;5;2;5;4
german_teaching_staff;german_teaching_staff;20;f;yes;yes;yes;yes;;in-service;18;7;11;1;3;1;1;3;1;3;4;1;;
german_teaching_staff;german_teaching_staff;21;f;yes;yes;yes;yes;;pre-service;10;5;5;1;1;1;1;1;1;1;2;1;5;5
german_teaching_staff;german_teaching_staff;19;f;yes;no;no;;no;pre-service;26;7;19;1;5;3;5;4;1;1;5;1;;
german_teaching_staff;german_teaching_staff;21;f;yes;yes;yes;yes;;pre-service;18;5;13;1;2;1;4;2;1;1;5;1;5;4
german_teaching_staff;german_teaching_staff;23;f;yes;yes;yes;yes;;pre-service;10;5;5;1;2;1;1;1;1;1;1;1;5;5
german_teaching_staff;german_teaching_staff;21;f;yes;yes;yes;yes;;pre-service;26;9;17;2;5;3;5;3;1;1;4;2;4;3
german_teaching_staff;german_teaching_staff;20;f;yes;yes;yes;yes;;pre-service;25;12;13;2;2;3;4;3;2;2;4;3;;
german_teaching_staff;german_teaching_staff;18;f;yes;no;no;;no;pre-service;24;10;14;2;4;2;4;2;2;2;4;2;;
german_teaching_staff;german_teaching_staff;21;f;yes;no;no;;no;pre-service;13;5;8;1;2;1;2;2;1;1;2;1;5;4
german_teaching_staff;german_teaching_staff;21;f;yes;yes;yes;yes;;pre-service;31;12;19;3;5;2;5;4;2;2;5;3;4;4
german_teaching_staff;german_teaching_staff;25;f;yes;yes;yes;yes;;pre-service;9;5;4;1;1;1;1;1;1;1;1;1;5;5
german_teaching_staff;german_teaching_staff;22;f;yes;no;no;;no;pre-service;21;6;15;2;3;1;4;3;1;1;5;1;;
german_teaching_staff;german_teaching_staff;29;f;yes;no;no;;no;pre-service;32;13;19;3;5;3;5;4;2;3;5;2;;
german_teaching_staff;german_teaching_staff;20;f;yes;yes;yes;yes;;pre-service;21;6;15;2;4;1;4;3;1;1;4;1;;
german_teaching_staff;german_teaching_staff;25;m;yes;no;no;;no;pre-service;21;11;10;3;4;2;3;1;1;2;2;3;4;4
german_teaching_staff;german_teaching_staff;23;f;yes;yes;yes;yes;;pre-service;11;5;6;1;2;1;2;1;1;1;1;1;5;5
german_teaching_staff;german_teaching_staff;21;f;yes;no;no;;no;pre-service;24;9;15;1;4;3;4;2;1;1;5;3;2;2
german_teaching_staff;german_teaching_staff;21;f;yes;no;no;;no;pre-service;16;8;8;2;2;2;2;2;1;1;2;2;3;3
german_teaching_staff;german_teaching_staff;22;f;yes;yes;yes;yes;;pre-service;13;5;8;1;2;1;2;1;1;1;3;1;4;3
german_teaching_staff;german_teaching_staff;21;f;yes;no;no;;no;in-service;18;5;13;1;4;1;4;2;1;1;3;1;4;3
german_teaching_staff;german_teaching_staff;22;m;yes;yes;yes;yes;;pre-service;28;12;16;3;4;3;4;4;2;1;4;3;;
german_teaching_staff;german_teaching_staff;21;f;yes;no;no;;no;pre-service;30;13;17;4;4;3;4;4;2;2;5;2;4;4
german_teaching_staff;german_teaching_staff;26;f;yes;no;no;;no;pre-service;12;5;7;1;2;1;2;1;1;1;2;1;5;5
german_teaching_staff;german_teaching_staff;22;f;yes;no;no;;no;pre-service;15;5;10;1;2;1;2;2;1;1;4;1;;
german_teaching_staff;german_teaching_staff;19;f;yes;yes;yes;yes;;pre-service;12;5;7;1;2;1;2;1;1;1;2;1;;
german_teaching_staff;german_teaching_staff;26;f;yes;no;no;;no;in-service;30;14;16;3;5;4;3;3;2;3;5;2;;
german_teaching_staff;german_teaching_staff;38;f;yes;yes;yes;yes;;pre-service;10;5;5;1;1;1;1;1;1;1;2;1;5;5
german_teaching_staff;german_teaching_staff;25;f;yes;no;no;;no;pre-service;26;10;16;3;5;3;5;2;1;2;4;1;;
german_teaching_staff;german_teaching_staff;22;f;yes;no;no;;no;pre-service;35;17;18;3;3;4;5;5;3;4;5;3;;
german_teaching_staff;german_teaching_staff;21;f;yes;no;no;;no;pre-service;31;14;17;3;3;4;5;4;2;2;5;3;;
german_teaching_staff;german_teaching_staff;21;f;yes;no;no;;no;pre-service;22;6;16;2;4;1;5;2;1;1;5;1;;
german_teaching_staff;german_teaching_staff;23;f;yes;yes;yes;yes;;pre-service;18;5;13;1;2;1;3;4;1;1;4;1;4;4
german_teaching_staff;german_teaching_staff;23;f;yes;yes;yes;yes;;pre-service;26;10;16;1;3;4;5;4;2;1;4;2;3;2
german_teaching_staff;german_teaching_staff;19;f;yes;no;no;;no;pre-service;15;5;10;1;2;1;3;1;1;1;4;1;;
german_teaching_staff;german_teaching_staff;26;f;yes;no;no;;no;in-service;29;12;17;2;4;3;4;4;2;2;5;3;4;3
german_teaching_staff;german_teaching_staff;20;m;yes;yes;yes;yes;;pre-service;24;8;16;2;4;1;4;3;1;2;5;2;;
german_teaching_staff;german_teaching_staff;24;f;yes;yes;yes;yes;;pre-service;10;6;4;1;1;2;1;1;1;1;1;1;5;4
german_teaching_staff;german_teaching_staff;24;m;yes;no;no;;no;pre-service;14;6;8;2;2;1;3;1;1;1;2;1;;
german_teaching_staff;german_teaching_staff;23;f;yes;yes;yes;yes;;pre-service;12;6;6;1;1;2;2;2;1;1;1;1;;
german_teaching_staff;german_teaching_staff;25;f;yes;no;no;;no;in-service;32;15;17;3;4;3;5;3;3;3;5;3;3;2
german_teaching_staff;german_teaching_staff;23;f;yes;yes;yes;yes;;in-service;12;5;7;1;3;1;1;1;1;1;2;1;5;4
german_teaching_staff;german_teaching_staff;27;m;yes;yes;yes;yes;;pre-service;16;6;10;1;2;2;3;2;1;1;3;1;4;4
german_teaching_staff;german_teaching_staff;23;f;yes;no;no;;no;pre-service;34;16;18;3;4;5;5;4;2;4;5;2;4;3
german_teaching_staff;german_teaching_staff;20;f;yes;yes;yes;yes;;pre-service;16;6;10;1;2;2;3;1;1;1;4;1;;
german_teaching_staff;german_teaching_staff;62;f;yes;no;no;;no;in-service;25;11;14;3;3;3;4;4;2;2;3;1;4;3
german_teaching_staff;german_teaching_staff;25;f;yes;yes;yes;yes;;pre-service;24;11;13;1;2;4;4;3;2;1;4;3;5;5
german_teaching_staff;german_teaching_staff;23;f;yes;yes;yes;yes;;pre-service;9;5;4;1;1;1;1;1;1;1;1;1;5;4
german_teaching_staff;german_teaching_staff;21;f;yes;yes;yes;yes;;in-service;15;5;10;1;2;1;3;2;1;1;3;1;5;4
german_teaching_staff;german_teaching_staff;46;f;yes;no;no;;no;pre-service;21;9;12;1;1;1;3;3;2;3;5;2;4;4
german_teaching_staff;german_teaching_staff;21;m;yes;yes;yes;yes;;pre-service;11;5;6;1;1;1;1;1;1;1;3;1;5;4
german_teaching_staff;german_teaching_staff;21;m;yes;yes;yes;yes;;pre-service;11;5;6;1;1;1;1;1;1;1;3;1;5;4
german_teaching_staff;german_teaching_staff;25;f;yes;no;no;;no;pre-service;22;6;16;2;4;1;4;3;1;1;5;1;;
german_teaching_staff;german_teaching_staff;20;f;yes;no;no;;no;in-service;28;13;15;3;3;3;4;3;2;2;5;3;;
german_teaching_staff;german_teaching_staff;22;f;yes;yes;yes;yes;;pre-service;27;9;18;2;4;4;5;4;1;1;5;1;4;3
german_teaching_staff;german_teaching_staff;20;f;yes;yes;yes;yes;;pre-service;16;5;11;1;2;1;4;1;1;1;4;1;;
german_teaching_staff;german_teaching_staff;28;f;yes;yes;yes;yes;;in-service;29;9;20;1;5;3;5;5;1;1;5;3;5;5
german_teaching_staff;german_teaching_staff;20;f;yes;yes;yes;yes;;in-service;19;7;12;1;2;3;4;1;1;1;5;1;;
german_teaching_staff;german_teaching_staff;24;f;yes;yes;yes;yes;;pre-service;11;5;6;1;2;1;1;1;1;1;2;1;5;4
german_teaching_staff;german_teaching_staff;25;f;yes;no;no;;no;pre-service;18;9;9;1;1;5;3;3;1;1;2;1;3;3
belgian_teaching_staff;belgian_teaching_staff;21;m;yes;no;no;;no;in-service;9;5;4;1;1;1;1;1;1;1;1;1;4;2
belgian_teaching_staff;belgian_teaching_staff;22;m;yes;yes;yes;yes;;pre-service;11;5;6;1;1;1;1;2;1;1;2;1;4;5
belgian_teaching_staff;belgian_teaching_staff;23;f;yes;yes;yes;yes;;pre-service;25;8;17;1;4;3;5;3;1;1;5;2;3;4
belgian_teaching_staff;belgian_teaching_staff;21;f;yes;yes;yes;yes;;pre-service;16;6;10;1;2;2;2;2;1;1;4;1;5;5
belgian_teaching_staff;belgian_teaching_staff;39;f;yes;yes;yes;yes;;pre-service;18;5;13;1;4;1;4;1;1;1;4;1;5;4
belgian_teaching_staff;belgian_teaching_staff;23;f;yes;yes;yes;yes;;pre-service;17;9;8;1;2;2;2;2;2;2;2;2;4;4
belgian_teaching_staff;belgian_teaching_staff;23;m;yes;yes;yes;yes;;pre-service;14;7;7;1;1;1;2;1;2;1;3;2;4;4
belgian_teaching_staff;belgian_teaching_staff;21;f;yes;yes;yes;yes;;pre-service;11;5;6;1;1;1;1;1;1;1;3;1;5;5
belgian_teaching_staff;belgian_teaching_staff;20;f;yes;yes;yes;yes;;pre-service;20;5;15;1;3;1;4;4;1;1;4;1;5;5
belgian_teaching_staff;belgian_teaching_staff;19;f;yes;yes;yes;yes;;pre-service;27;8;19;1;5;3;4;5;1;2;5;1;4;3
belgian_teaching_staff;belgian_teaching_staff;21;f;yes;yes;yes;yes;;pre-service;12;5;7;1;2;1;2;1;1;1;2;1;5;4
belgian_teaching_staff;belgian_teaching_staff;23;f;yes;yes;yes;yes;;in-service;9;5;4;1;1;1;1;1;1;1;1;1;5;4
belgian_teaching_staff;belgian_teaching_staff;20;f;yes;no;no;;no;pre-service;17;5;12;1;2;1;3;3;1;1;4;1;4;4
belgian_teaching_staff;belgian_teaching_staff;21;f;yes;yes;yes;yes;;pre-service;27;12;15;1;3;5;5;3;2;1;4;3;3;4
belgian_teaching_staff;belgian_teaching_staff;20;f;yes;no;no;;no;pre-service;27;10;17;2;4;2;4;4;2;2;5;2;3;3
belgian_teaching_staff;belgian_teaching_staff;46;f;yes;no;no;;no;pre-service;35;16;19;2;4;4;5;5;4;2;5;4;3;2
belgian_teaching_staff;belgian_teaching_staff;26;f;yes;no;no;;no;pre-service;29;11;18;1;4;4;5;5;2;2;4;2;3;3
belgian_teaching_staff;belgian_teaching_staff;21;m;yes;no;no;;no;pre-service;23;9;14;2;3;1;3;4;2;2;4;2;5;5
belgian_teaching_staff;belgian_teaching_staff;23;f;yes;no;no;;no;pre-service;28;12;16;3;4;5;5;2;1;2;5;1;3;3
belgian_teaching_staff;belgian_teaching_staff;21;m;yes;yes;yes;yes;;pre-service;17;6;11;1;2;1;4;1;1;2;4;1;4;4
belgian_teaching_staff;belgian_teaching_staff;22;f;yes;yes;yes;yes;;pre-service;22;9;13;1;3;3;4;2;1;3;4;1;4;4
belgian_teaching_staff;belgian_teaching_staff;21;m;yes;no;no;;no;pre-service;21;7;14;1;3;1;4;3;1;1;4;3;4;4
belgian_teaching_staff;belgian_teaching_staff;22;f;yes;yes;yes;yes;;in-service;16;6;10;1;2;1;2;3;1;2;3;1;5;4
belgian_teaching_staff;belgian_teaching_staff;24;f;yes;yes;yes;yes;;pre-service;14;6;8;1;2;2;2;2;1;1;2;1;5;4
belgian_teaching_staff;belgian_teaching_staff;23;f;yes;yes;yes;yes;;pre-service;25;12;13;2;3;3;3;3;2;3;4;2;5;4
belgian_teaching_staff;belgian_teaching_staff;24;f;yes;yes;yes;yes;;pre-service;24;8;16;2;4;1;4;3;1;1;5;3;3;3
belgian_teaching_staff;belgian_teaching_staff;24;f;yes;no;no;;no;pre-service;32;14;18;1;5;3;5;4;3;3;4;4;3;3
belgian_teaching_staff;belgian_teaching_staff;23;f;yes;yes;yes;yes;;pre-service;11;5;6;1;1;1;1;1;1;1;3;1;5;5
belgian_teaching_staff;belgian_teaching_staff;22;f;yes;yes;yes;yes;;pre-service;11;5;6;1;1;1;1;1;1;1;3;1;5;5
belgian_teaching_staff;belgian_teaching_staff;23;f;yes;yes;yes;yes;;pre-service;11;5;6;1;1;1;2;2;1;1;1;1;5;5
belgian_teaching_staff;belgian_teaching_staff;23;m;yes;yes;yes;yes;;pre-service;21;11;10;3;2;3;3;2;1;2;3;2;4;3
belgian_teaching_staff;belgian_teaching_staff;23;f;yes;yes;yes;yes;;pre-service;13;7;6;1;1;2;1;2;1;1;2;2;4;4
belgian_teaching_staff;belgian_teaching_staff;37;m;yes;yes;yes;yes;;pre-service;9;5;4;1;1;1;1;1;1;1;1;1;;
belgian_teaching_staff;belgian_teaching_staff;21;f;yes;no;no;;no;pre-service;38;18;20;3;5;5;5;5;3;3;5;4;3;3
belgian_teaching_staff;belgian_teaching_staff;25;f;yes;yes;yes;yes;;pre-service;28;14;14;2;4;4;3;3;3;3;4;2;3;3
belgian_teaching_staff;belgian_teaching_staff;20;f;yes;yes;yes;yes;;in-service;14;5;9;1;2;1;2;2;1;1;3;1;5;5
belgian_teaching_staff;belgian_teaching_staff;23;f;yes;yes;yes;yes;;pre-service;18;5;13;1;3;1;3;3;1;1;4;1;3;4
belgian_teaching_staff;belgian_teaching_staff;20;f;yes;yes;yes;yes;;pre-service;23;11;12;1;2;2;3;5;2;3;2;3;5;5
belgian_teaching_staff;belgian_teaching_staff;21;f;yes;no;no;;no;pre-service;26;15;11;3;2;3;2;4;3;3;3;3;4;4
belgian_teaching_staff;belgian_teaching_staff;28;m;yes;yes;yes;yes;;pre-service;13;5;8;1;2;1;2;2;1;1;2;1;4;4
belgian_teaching_staff;belgian_teaching_staff;22;f;yes;yes;yes;yes;;pre-service;27;10;17;3;4;4;4;5;1;1;4;1;3;3
belgian_teaching_staff;belgian_teaching_staff;19;f;yes;yes;yes;yes;;pre-service;39;21;18;1;4;5;5;4;5;5;5;5;4;4
belgian_teaching_staff;belgian_teaching_staff;30;f;yes;no;no;;no;pre-service;10;6;4;1;1;1;1;1;1;2;1;1;5;3
belgian_teaching_staff;belgian_teaching_staff;21;f;yes;no;no;;no;pre-service;17;7;10;1;2;2;2;3;1;2;3;1;4;4
belgian_teaching_staff;belgian_teaching_staff;20;f;yes;yes;yes;yes;;pre-service;19;5;14;1;3;1;3;5;1;1;3;1;5;4
belgian_teaching_staff;belgian_teaching_staff;36;f;yes;no;no;;no;pre-service;26;14;12;2;3;3;3;3;3;3;3;3;5;5
belgian_teaching_staff;belgian_teaching_staff;20;f;yes;no;no;;no;pre-service;32;14;18;4;4;3;4;5;3;3;5;1;3;2
belgian_teaching_staff;belgian_teaching_staff;19;m;yes;no;no;;no;pre-service;9;5;4;1;1;1;1;1;1;1;1;1;5;3
belgian_teaching_staff;belgian_teaching_staff;20;f;yes;no;no;;no;pre-service;21;11;10;1;3;1;3;2;4;4;2;1;3;3
belgian_teaching_staff;belgian_teaching_staff;20;m;yes;no;no;;no;pre-service;10;5;5;1;1;1;1;1;1;1;2;1;4;5
belgian_teaching_staff;belgian_teaching_staff;19;f;yes;no;no;;no;pre-service;18;5;13;1;2;1;4;3;1;1;4;1;4;3
belgian_teaching_staff;belgian_teaching_staff;20;f;yes;yes;yes;yes;;pre-service;21;5;16;1;3;1;4;4;1;1;5;1;5;4
belgian_teaching_staff;belgian_teaching_staff;20;f;yes;yes;yes;yes;;pre-service;16;8;8;1;1;3;1;4;1;2;2;1;5;4
belgian_teaching_staff;belgian_teaching_staff;20;f;yes;no;no;;no;pre-service;17;8;9;2;1;2;3;2;1;1;3;2;4;4
belgian_teaching_staff;belgian_teaching_staff;23;f;yes;yes;yes;yes;;pre-service;9;5;4;1;1;1;1;1;1;1;1;1;5;5
belgian_teaching_staff;belgian_teaching_staff;21;f;yes;no;no;;no;pre-service;34;14;20;5;5;5;5;5;2;1;5;1;4;3
belgian_teaching_staff;belgian_teaching_staff;21;f;yes;no;no;;no;in-service;11;6;5;2;1;1;2;1;1;1;1;1;5;4
belgian_teaching_staff;belgian_teaching_staff;21;f;yes;yes;yes;yes;;pre-service;26;11;15;2;4;1;5;1;5;2;5;1;3;1
belgian_teaching_staff;belgian_teaching_staff;23;f;yes;no;no;;no;in-service;17;6;11;1;2;2;4;4;1;1;1;1;4;5
belgian_teaching_staff;belgian_teaching_staff;60;f;yes;no;no;;no;in-service;14;5;9;1;2;1;3;2;1;1;2;1;4;4
belgian_teaching_staff;belgian_teaching_staff;22;f;yes;yes;yes;yes;;pre-service;20;10;10;1;2;1;3;2;2;3;3;3;4;3
belgian_teaching_staff;belgian_teaching_staff;22;f;yes;no;no;;no;pre-service;29;11;18;3;4;3;5;4;1;3;5;1;2;1
belgian_teaching_staff;belgian_teaching_staff;22;f;yes;no;no;;no;pre-service;13;5;8;1;2;1;2;1;1;1;3;1;5;5
belgian_teaching_staff;belgian_teaching_staff;25;f;yes;no;no;;no;in-service;36;18;18;3;4;4;5;5;3;4;4;4;3;3
belgian_teaching_staff;belgian_teaching_staff;24;m;yes;yes;yes;yes;;pre-service;13;8;5;1;1;1;1;1;3;2;2;1;5;5
belgian_teaching_staff;belgian_teaching_staff;21;m;yes;yes;yes;yes;;pre-service;17;8;9;1;2;2;2;2;1;2;3;2;5;5
belgian_teaching_staff;belgian_teaching_staff;33;f;yes;yes;yes;yes;;pre-service;27;12;15;1;4;3;4;3;3;3;4;2;5;4
belgian_teaching_staff;belgian_teaching_staff;24;f;yes;no;no;;no;in-service;36;20;16;3;4;5;4;4;4;4;4;4;2;2
belgian_teaching_staff;belgian_teaching_staff;22;m;yes;yes;yes;yes;;pre-service;10;5;5;1;1;1;1;1;1;1;2;1;4;5
belgian_teaching_staff;belgian_teaching_staff;22;m;yes;yes;yes;yes;;pre-service;12;5;7;1;2;1;2;1;1;1;2;1;4;4
belgian_teaching_staff;belgian_teaching_staff;20;f;yes;yes;yes;yes;;pre-service;16;6;10;1;3;2;3;2;1;1;2;1;4;4
belgian_teaching_staff;belgian_teaching_staff;26;f;yes;no;no;;no;in-service;26;12;14;3;2;3;5;3;3;1;4;2;3;3
belgian_teaching_staff;belgian_teaching_staff;21;f;yes;yes;yes;yes;;pre-service;9;5;4;1;1;1;1;1;1;1;1;1;5;5
belgian_teaching_staff;belgian_teaching_staff;26;f;yes;yes;yes;yes;;in-service;14;6;8;1;1;1;2;2;1;1;3;2;4;4
belgian_teaching_staff;belgian_teaching_staff;63;m;yes;no;no;;no;in-service;25;12;13;1;3;3;3;3;3;2;4;3;3;3
belgian_teaching_staff;belgian_teaching_staff;22;f;yes;yes;yes;yes;;pre-service;14;5;9;1;2;1;2;3;1;1;2;1;5;4
belgian_teaching_staff;belgian_teaching_staff;22;m;yes;yes;yes;yes;;pre-service;13;5;8;1;1;1;2;2;1;1;3;1;4;4
belgian_teaching_staff;belgian_teaching_staff;23;f;yes;yes;yes;yes;;in-service;33;15;18;1;4;3;5;4;3;4;5;4;5;4
belgian_teaching_staff;belgian_teaching_staff;31;f;yes;yes;yes;yes;;in-service;17;6;11;1;2;2;3;3;1;1;3;1;4;4
belgian_teaching_staff;belgian_teaching_staff;20;f;yes;yes;yes;yes;;pre-service;31;12;19;1;5;3;5;4;2;2;5;4;4;3
belgian_teaching_staff;belgian_teaching_staff;34;f;yes;no;no;;no;in-service;29;9;20;3;5;2;5;5;1;1;5;2;1;3
belgian_teaching_staff;belgian_teaching_staff;37;f;yes;no;no;;no;in-service;19;7;12;1;3;3;3;3;1;1;3;1;4;3
belgian_teaching_staff;belgian_teaching_staff;48;f;yes;yes;yes;yes;;in-service;22;13;9;1;3;3;3;2;4;2;1;3;5;5
belgian_teaching_staff;belgian_teaching_staff;37;f;yes;yes;yes;yes;;in-service;18;5;13;1;4;1;4;2;1;1;3;1;5;5
belgian_teaching_staff;belgian_teaching_staff;50;f;yes;yes;yes;yes;;in-service;23;10;13;1;3;3;3;4;2;2;3;2;4;4
belgian_teaching_staff;belgian_teaching_staff;36;f;yes;no;no;;no;in-service;14;5;9;1;3;1;2;2;1;1;2;1;4;4
belgian_teaching_staff;belgian_teaching_staff;51;f;yes;yes;yes;yes;;in-service;9;5;4;1;1;1;1;1;1;1;1;1;5;5
belgian_teaching_staff;belgian_teaching_staff;37;f;yes;no;no;;no;in-service;26;13;13;1;4;3;3;2;3;3;4;3;5;5
belgian_teaching_staff;belgian_teaching_staff;48;f;yes;yes;yes;yes;;in-service;15;5;10;1;4;1;3;2;1;1;1;1;4;3
belgian_teaching_staff;belgian_teaching_staff;48;f;yes;yes;yes;yes;;in-service;18;8;10;2;2;2;2;2;1;1;4;2;4;4
belgian_teaching_staff;belgian_teaching_staff;33;f;yes;yes;yes;yes;;in-service;14;5;9;1;1;1;3;3;1;1;2;1;5;5
belgian_teaching_staff;belgian_teaching_staff;52;f;yes;yes;yes;yes;;in-service;17;7;10;2;2;2;3;3;1;1;2;1;4;3
belgian_teaching_staff;belgian_teaching_staff;33;m;yes;no;no;;no;in-service;11;5;6;1;1;1;2;1;1;1;2;1;5;4
belgian_teaching_staff;belgian_teaching_staff;47;m;yes;yes;yes;yes;;in-service;16;5;11;1;3;1;3;2;1;1;3;1;5;5
belgian_teaching_staff;belgian_teaching_staff;25;f;yes;yes;yes;yes;;in-service;19;5;14;1;3;1;3;3;1;1;5;1;5;5
belgian_teaching_staff;belgian_teaching_staff;27;f;yes;yes;yes;yes;;in-service;29;10;19;1;5;3;5;4;2;2;5;2;2;3
belgian_teaching_staff;belgian_teaching_staff;51;f;yes;no;no;;no;in-service;33;16;17;4;4;4;4;4;2;3;5;3;5;4
belgian_teaching_staff;belgian_teaching_staff;55;f;yes;yes;yes;yes;;in-service;33;15;18;3;5;3;5;4;3;3;4;3;4;4
belgian_teaching_staff;belgian_teaching_staff;29;f;yes;no;no;;no;in-service;23;10;13;1;3;3;3;3;2;2;4;2;5;5
belgian_teaching_staff;belgian_teaching_staff;42;f;yes;yes;yes;yes;;in-service;27;13;14;1;3;4;4;3;3;2;4;3;3;3
belgian_teaching_staff;belgian_teaching_staff;40;f;yes;yes;yes;yes;;in-service;10;6;4;2;1;1;1;1;1;1;1;1;5;5
belgian_teaching_staff;belgian_teaching_staff;25;f;yes;yes;yes;yes;;in-service;32;14;18;1;3;3;5;5;2;5;5;3;5;5
belgian_teaching_staff;belgian_teaching_staff;45;f;yes;yes;yes;yes;;in-service;27;12;15;3;3;3;4;4;2;2;4;2;4;4
belgian_teaching_staff;belgian_teaching_staff;45;m;yes;yes;yes;yes;;in-service;14;5;9;1;2;1;2;2;1;1;3;1;4;4
belgian_teaching_staff;belgian_teaching_staff;36;f;yes;no;no;;no;in-service;22;9;13;1;4;2;4;1;1;4;4;1;4;5
belgian_teaching_staff;belgian_teaching_staff;44;f;yes;yes;yes;yes;;in-service;25;12;13;1;3;3;3;3;3;2;4;3;3;3
belgian_teaching_staff;belgian_teaching_staff;27;f;yes;yes;yes;yes;;in-service;10;5;5;1;1;1;1;2;1;1;1;1;5;5
belgian_teaching_staff;belgian_teaching_staff;20;f;yes;no;no;;no;pre-service;14;7;7;1;1;1;2;2;1;3;2;1;5;5
belgian_teaching_staff;belgian_teaching_staff;21;f;yes;no;no;;no;pre-service;30;12;18;3;5;2;5;3;1;2;5;4;5;4
belgian_teaching_staff;belgian_teaching_staff;29;f;yes;yes;yes;yes;;pre-service;13;6;7;1;2;2;2;1;1;1;2;1;4;4
belgian_teaching_staff;belgian_teaching_staff;20;f;yes;yes;yes;yes;;pre-service;24;8;16;1;4;2;4;3;1;2;5;2;5;4
belgian_teaching_staff;belgian_teaching_staff;23;f;yes;yes;yes;yes;;pre-service;16;5;11;1;3;1;3;2;1;1;3;1;5;4
belgian_teaching_staff;belgian_teaching_staff;21;f;yes;yes;yes;yes;;pre-service;29;12;17;3;4;4;5;3;1;2;5;2;5;4
belgian_teaching_staff;belgian_teaching_staff;22;f;yes;yes;yes;yes;;pre-service;25;11;14;2;4;1;4;2;3;2;4;3;4;4
belgian_teaching_staff;belgian_teaching_staff;20;f;yes;no;no;;no;pre-service;29;11;18;2;3;3;5;5;1;3;5;2;2;2
belgian_teaching_staff;belgian_teaching_staff;21;f;yes;yes;yes;yes;;pre-service;11;5;6;1;1;1;2;1;1;1;2;1;5;4
belgian_teaching_staff;belgian_teaching_staff;20;f;yes;no;no;;no;pre-service;9;5;4;1;1;1;1;1;1;1;1;1;4;4
belgian_teaching_staff;belgian_teaching_staff;21;f;yes;no;no;;no;pre-service;16;10;6;3;1;2;1;2;2;1;2;2;5;5
belgian_teaching_staff;belgian_teaching_staff;23;f;yes;no;no;;no;pre-service;16;8;8;1;2;1;2;2;2;2;2;2;5;3
belgian_teaching_staff;belgian_teaching_staff;20;f;yes;no;no;;no;pre-service;33;16;17;2;4;3;4;4;5;2;5;4;4;4
belgian_teaching_staff;belgian_teaching_staff;20;f;yes;no;no;;no;pre-service;27;12;15;3;3;3;4;4;2;2;4;2;3;3
belgian_teaching_staff;belgian_teaching_staff;20;f;yes;yes;yes;yes;;pre-service;13;7;6;3;2;1;1;1;1;1;2;1;4;3
belgian_teaching_staff;belgian_teaching_staff;22;f;yes;no;no;;no;pre-service;16;7;9;1;2;2;2;2;1;1;3;2;3;4
belgian_teaching_staff;belgian_teaching_staff;21;f;yes;yes;yes;yes;;pre-service;20;8;12;2;3;2;4;1;1;2;4;1;3;3
belgian_teaching_staff;belgian_teaching_staff;21;f;yes;no;no;;no;pre-service;15;5;10;1;3;1;3;1;1;1;3;1;3;3
belgian_teaching_staff;belgian_teaching_staff;20;f;yes;yes;yes;yes;;pre-service;16;7;9;1;2;1;2;2;1;3;3;1;5;4
belgian_teaching_staff;belgian_teaching_staff;21;f;yes;no;no;;no;pre-service;28;10;18;1;4;3;5;4;3;2;5;1;3;2
